contributor_id,movie_id
19158,19995
6945,285
89059,206647
47647,49026
60660,49529
78546,559
4740,38757
88963,38757
248,99861
9438,767
34877,209112
92802,1452
49955,10764
6945,58
6945,57201
34877,49521
42240,2454
248,24428
53932,1865
60133,41154
100546,122917
44851,1930
5511,20662
100546,57158
20582,2268
100546,254
19158,597
65173,271110
45671,271110
86459,44833
69172,135397
89059,37724
78546,558
35211,68721
63110,12155
2083,36668
78855,62211
9594,8373
9594,91314
78546,68728
44851,102382
69197,20526
40154,49013
69911,49013
4359,44912
9127,10193
65364,534
40158,168259
49955,72190
92802,127585
31560,54138
92802,81005
85946,64682
22116,9543
64953,68726
9594,38356
94167,217
48261,105864
2413,62177
13575,62177
3305,62177
4044,188927
60660,10681
2083,5174
98831,14161
45473,17979
88675,76757
38088,76757
9438,258489
42240,411
92802,246655
47647,155
10656,14160
10724,15512
36665,15512
50501,1726
53322,44826
60133,8487
100477,1735
73262,297761
38523,2698
100447,137113
56433,9804
654,14869
10656,150540
50501,278927
50501,10138
1966,58595
82414,102651
88643,119450
22601,79698
72261,64686
65173,100402
45671,100402
91714,10192
26355,158852
45036,177572
39021,177572
20755,82690
45473,5255
98831,47933
1963,10191
78008,10191
102524,296
83872,118340
47647,157336
47647,27205
18729,315011
39220,315011
100546,49051
100477,9799
18824,4922
13302,49538
18044,131634
82179,27022
40952,503
7345,241259
91400,810
58422,810
38271,68735
98210,87101
72470,10140
9594,676
9594,1858
6112,1966
9438,675
22116,674
86459,8960
18044,6479
63110,118
97976,2062
26355,2062
47647,272
25568,10527
23774,10527
14896,18360
16683,2080
88675,605
38088,605
52849,109445
74805,109445
88675,604
38088,604
98210,76338
42814,76341
74310,13448
89368,10195
45036,13053
4740,13053
13191,19585
41997,57165
63110,62213
33088,177677
96978,7978
60567,5559
48096,5559
25735,49444
13247,10196
31560,956
98831,117251
81525,50321
29122,11619
50463,11619
76844,266647
52499,82703
40952,652
10724,80321
25568,80321
23774,80321
82981,36669
90918,43074
9594,95
60133,608
45473,2310
25735,140300
99806,140300
26355,56292
66144,81188
53190,7552
55163,616
5511,147441
31560,13475
78546,557
78008,82702
90320,205584
100477,10048
34877,13183
40321,944
46146,1927
5118,72559
50770,7364
9849,2114
33837,2114
96978,1771
72470,36643
88712,8619
62683,50620
42814,65759
57981,1724
94167,267935
18769,281957
61372,77950
6945,44896
25568,270946
48096,270946
53981,2503
78080,9502
52303,9502
66647,102899
18044,101299
79896,228161
94167,74
9594,8961
91400,417859
26479,27576
74906,86834
94167,17578
73548,673
85946,6972
13247,82700
69594,10567
92566,10567
14896,181533
23774,38055
16642,671
24145,49524
6945,22
18044,131631
74310,591
8021,172385
92802,36658
4044,51497
24074,58574
57981,18823
71027,861
94290,1911
76662,49040
9810,415
74310,8871
98831,435
21403,955
40952,2133
74022,1979
46146,87827
37767,1250
53981,324668
65364,9471
5511,70981
52499,10996
66913,68724
6824,2789
62562,97020
88675,7459
38088,7459
40296,42888
37766,37834
69197,75612
8931,1895
8931,1894
10656,585
37766,76170
8931,1893
1963,49519
101561,49519
45797,2395
16468,2395
21403,12100
10838,290595
41997,98566
73548,49047
3952,9619
57005,308531
35561,166424
14896,1593
101731,254128
72412,714
98831,2024
60891,163
100447,787
24145,262500
53322,2567
36665,38745
81896,40805
97565,53182
101486,41513
8477,13700
18878,13700
24145,262504
14896,39254
101486,77931
10719,1639
16683,80274
49585,1571
100546,120
36740,10204
10927,8489
76273,10588
90320,2048
5511,1495
52499,10137
87439,10198
87928,10198
5511,286217
9594,1635
40776,24113
98139,9679
5511,98
94167,180
16642,672
4359,36557
63110,869
19158,280
10927,11322
5511,4982
19158,36955
8156,18487
35280,39451
95399,27581
42661,9268
4477,68718
51098,10545
78362,10545
53314,11688
28091,76163
82179,2059
95195,2486
21651,16523
8682,116711
20636,37710
30224,9946
55163,1372
53322,106646
9810,414
71027,563
65223,83542
88675,83542
38088,83542
34877,41216
39270,314
2083,184315
87439,9016
87928,9016
96118,18162
54621,138103
67721,257088
100984,10214
74310,205775
26322,11692
53981,22972
67019,227973
56885,29193
654,1734
53322,3131
66460,76758
91751,9408
52849,9408
69919,9890
5511,855
36561,77953
47175,18
14862,37786
46646,10501
766,10501
67019,57800
37289,57800
89368,150689
100546,7980
60660,12
100546,122
100546,121
95205,68737
28091,1995
88475,157353
96978,331
16915,61791
49484,8204
74170,47964
27979,10733
26355,9806
13484,1408
16642,32657
60133,607
40154,863
8156,44048
2083,5175
45473,2655
42197,22794
38642,22794
8021,8355
88335,116745
65364,4327
53322,1422
79898,10674
29495,10674
88335,7446
18824,65754
94290,1572
24074,10528
37653,271969
51098,10865
78362,10865
102389,258509
92802,2253
22238,10661
16642,257344
94167,644
52499,10756
45473,686
71027,9383
92352,179
39438,76285
10719,1996
5118,291805
26479,10003
8156,1535
26924,2067
8021,46195
16642,2277
12090,10357
42765,4477
20829,8665
65507,9387
74310,921
28156,49852
44507,4464
10719,664
45473,8358
42814,9836
53981,2502
40952,9772
60891,161
23715,52451
46848,76492
77394,4523
38728,59961
77394,10481
2083,59108
13342,1581
8156,9798
13342,22897
60891,298
30825,7484
9253,7484
42213,7484
86832,157350
39914,853
86459,10159
94290,9593
53932,1904
4044,9615
29495,51052
56904,51052
18584,297
16347,9884
78107,16858
44964,62764
9407,22538
39327,9341
26834,12107
101486,9637
578,49049
36740,9339
52745,16281
101731,39691
100447,8247
64953,11253
18824,1949
72412,8452
38523,310
9720,27578
26924,954
44507,70160
41915,45243
63110,364
13085,7518
79896,7518
1963,11544
78008,11544
44708,9986
15225,8656
53190,146216
26834,9291
91714,55301
22238,109418
26834,11665
13342,6964
53322,11324
76992,12193
8682,9928
8021,9928
21403,754
100919,10202
89059,4147
22238,50546
28091,1701
5971,13027
2637,2289
85001,20504
35671,20504
5864,9574
10719,11618
99235,2300
14896,12096
65995,10200
40321,8834
73262,228150
75337,6068
15448,41515
57360,9023
46960,9023
36740,38317
81773,2157
38964,14462
98649,161795
46848,159824
79032,49948
2744,49948
76496,49948
37570,49948
81608,49948
47640,49948
50766,49948
28983,49948
81525,2135
26322,9822
98139,9705
4359,1656
2444,12159
6099,9678
102059,4442
63110,75
78958,330770
82981,9433
102524,19959
3952,11973
100477,11228
29495,77951
51819,77951
87437,5491
85648,10715
53932,10197
40321,9562
30699,9922
42814,9447
50770,274854
71567,8870
47175,9992
3237,36970
8128,36970
30224,10077
23715,76649
74064,293644
74310,453
9253,8587
52499,8587
101731,72545
68094,109451
66797,109451
2083,9533
96978,2023
22238,71880
9246,584
78080,309809
3098,4858
53635,4858
43915,17711
65087,328111
76976,8698
91633,93456
65087,93456
98831,602
94167,330
25568,953
23774,953
73548,9693
92802,36657
37653,8909
9594,9802
8021,950
26834,1824
100919,2976
13484,11026
10029,332
57981,75656
22238,38365
94167,594
39438,15189
4359,11678
102613,6538
53366,10555
766,10555
36665,10555
62683,1125
57052,4551
94167,612
14710,9567
14007,37821
24074,203801
40296,2539
75747,9297
8692,3172
48051,6520
58536,1439
44964,37958
20776,2026
5719,7450
47523,7450
71129,11375
23715,9425
46095,25769
4268,25769
86625,23685
74170,11866
13247,9741
39469,211672
91633,211672
34877,23629
26924,8688
8692,10153
37592,153518
71678,153518
58536,8676
65579,20829
86459,4349
95399,9718
48081,10808
79749,197
89059,25
67184,35
54063,11086
13484,10477
39914,1997
13247,6947
72244,3050
13247,2675
42240,809
57360,809
10724,809
40154,920
102826,920
34787,4806
100477,7451
47039,228165
74310,3595
4477,16869
94167,879
13484,1573
50402,9257
14572,1903
13247,9697
23715,395
72244,23398
15484,10590
14710,117263
84097,200
41997,44943
63110,587
102613,10395
94167,57212
80827,152760
19158,2756
6112,33909
13689,49017
55163,9882
13302,2270
39914,978
74310,44564
9810,3132
77109,8814
72244,8427
64265,52520
43995,52520
100919,80585
22974,10592
102969,49021
94290,11535
55185,10550
48774,11258
46060,12610
93609,12610
35332,59981
10927,201088
75238,5137
59854,3093
15258,107846
13484,188207
19958,4614
7849,24021
69919,11371
91633,20352
65087,20352
30172,11517
89048,214756
103055,26428
46277,9824
46060,48988
93609,48988
10927,9008
9056,300673
5511,12113
36561,38778
37653,72331
39327,1844
22700,846
88298,9703
94167,857
68394,136797
13342,3981
8682,425
42516,6171
94167,72976
88675,603
38088,603
74310,568
5215,9021
94165,82695
22600,9489
95399,12133
4359,9342
41915,41733
97339,227306
10763,5551
13484,9350
21403,9208
82179,4244
6112,1852
22116,11820
98401,76493
18904,345
44877,196867
101177,256591
90056,256591
65364,59962
43581,36648
65507,1880
102613,9440
23715,71679
23715,10483
13484,11412
77072,11983
50501,6795
18824,550
65364,11170
74166,9292
22600,10783
46204,100241
35257,257
22700,9947
97960,189
32324,189
92352,12618
77793,253412
65223,1427
36561,818
29122,16577
94167,329
42516,12160
26479,9331
59786,300168
64007,9072
102524,3536
84904,9087
2912,12177
43077,12138
4477,273248
12117,9955
37005,9955
88186,50359
34877,1271
36561,693
31599,14306
54063,497
102389,11199
53314,9982
18824,210577
100447,2501
4359,710
28091,2275
88712,37165
81525,9837
60567,9837
2413,9837
48081,10708
77793,136400
100984,10992
57052,9654
29991,2642
25568,8916
79896,8916
89555,19899
8156,2119
100919,9641
64567,294254
94863,38167
2083,5994
24145,39514
6112,9563
55971,547
10927,1538
42661,9334
50098,11128
33088,75780
13484,8914
100427,13576
60891,39538
70875,10628
86625,14836
13247,8645
8156,9509
3638,10067
41915,9384
103067,9279
64953,1487
50305,9422
50463,77174
98059,77174
59854,4824
21403,9620
2139,9302
35867,10199
50463,10199
6457,10771
101018,3512
89368,137094
21917,274479
80691,267860
98679,8078
14710,7485
42213,170687
64534,170687
95928,6435
42197,137106
38642,137106
17474,10040
22700,6278
65212,82682
12454,17610
10763,22954
80740,16995
76662,16558
33690,9849
50402,5820
34823,16866
52805,16866
65055,16866
62100,201
90505,11775
33874,87825
4359,12201
30224,11015
12454,9932
2139,13389
59338,8838
76844,17332
55971,4958
14572,786
88186,9513
82981,11679
54837,38321
79896,14411
23179,14411
23715,8413
38523,10052
26924,9676
67837,9664
6956,2100
26736,10384
32455,10384
17865,137321
26247,123553
3638,11260
77975,9009
74310,11374
23934,2309
32324,8285
77268,210860
89572,2312
4359,9839
28465,381902
91800,13922
22128,293660
10096,9713
10763,190859
36665,257445
49484,9007
103067,889
35539,1370
80827,4942
36740,347969
29991,24438
14896,116741
23715,35791
101451,72431
77072,1813
12730,87428
100477,8840
2083,10589
24150,71676
82334,71676
64882,1722
100919,10022
22559,11358
45473,13
88186,6477
36561,1597
100888,10530
81608,10530
40321,1924
38523,9327
58536,8488
69084,10603
21138,8273
53981,109424
14896,35056
96118,8839
14710,156022
56419,7303
8156,8963
84151,1402
24145,9315
8692,8984
96118,795
4477,24
69919,11353
4477,393
28156,9618
49118,9618
45473,9374
39264,8584
62100,2320
49484,58224
52499,1729
38693,175574
18824,8077
79807,8818
96772,8195
81773,10586
100004,116149
64938,80035
4060,10632
82179,12117
46060,1792
93609,1792
41840,13260
98672,72197
73702,72197
10763,3580
16347,12123
8156,9566
9810,9833
60593,4517
15455,8202
76857,16072
175,34314
13085,19724
7345,145220
84097,14623
8928,42297
98679,2841
18904,802
47150,10375
64953,36586
84151,11321
26736,70074
92084,242
14572,9621
65173,1819
45671,1819
85684,8536
18584,8046
50305,1717
9246,479
5719,9444
47523,9444
85946,824
59338,11456
34590,261023
10763,3683
57052,22803
97960,285923
4477,285923
9407,285923
45247,285923
55608,285923
38747,285923
38964,39437
15328,1950
94167,640
20829,97630
66647,9767
81924,11631
34787,32856
38388,6519
72137,8741
3345,49520
3430,1850
53322,524
22061,26389
74973,11817
46060,2123
93609,2123
5962,9907
58969,9969
20582,18239
42240,808
53366,808
5300,38050
56433,8367
14572,9390
89048,72105
40296,2898
38523,10312
95399,109443
6099,2022
31560,37686
60891,462
33690,9919
42197,187017
38642,187017
57312,628
66647,10201
86857,302699
16642,9441
12730,274167
53932,224141
23943,388
42554,2112
3294,10329
14572,74465
90320,13811
39264,6877
51225,10320
101177,50646
90056,50646
7059,8920
17111,13673
25695,60308
40952,6950
77804,225574
23908,13836
53635,752
3345,6038
97052,9975
61968,11451
59025,12103
69658,60304
74442,2251
5971,46529
7840,231
9594,300671
88930,228326
52757,9754
10763,66
5511,4421
18824,2649
102638,588
2368,10393
12489,71552
14924,71552
57052,9631
81522,216282
53935,306
85648,928
3345,205587
15225,6623
10808,1577
37816,9801
4191,2116
67548,9624
97960,14199
4829,1907
34787,4599
53635,22832
78546,10390
44818,9879
39264,38579
10763,44603
47195,11892
40321,9691
50262,1248
84904,12220
99267,72710
94290,10782
10763,9573
65223,4959
80998,10061
26355,10386
13991,421
44507,316152
79807,11615
10096,13498
77804,241554
85349,2252
2427,11968
47175,10047
14307,38319
28333,69668
96446,9770
46492,11212
22601,10533
100447,38363
8156,9923
4060,11863
24150,18501
82334,18501
36679,109491
9781,9275
88335,329833
61654,12634
102613,10416
80633,47327
77109,15268
22955,10796
13484,9548
101703,18947
60891,1900
94167,89
76844,96724
66913,198184
26479,9481
18824,4547
84236,53953
21917,6415
38728,181283
48051,9896
23934,167
37766,11232
12454,1636
92084,2148
37766,5176
5802,260346
60891,1389
88335,9894
57638,7504
11072,8592
94290,913
7520,11091
54665,1368
32516,593
48727,5393
2441,5393
47504,5393
61989,9095
51735,8874
17111,11467
47647,320
84097,199
38693,20533
55163,10684
38523,1624
33825,325789
11982,113464
103067,888
5802,82675
2548,4256
33690,1493
15448,88751
34787,11130
42765,9944
9810,10731
84904,7350
26479,9869
14007,4379
43840,146233
14710,2034
53190,926
64007,4248
7345,64328
76976,36647
45642,7214
80549,1537
96109,9360
70875,6282
101703,508
60660,9487
40154,9487
85001,768
35671,768
96109,2636
71129,10478
97817,27983
21138,9981
45177,7453
96933,15045
21713,7737
36740,232672
56419,17379
15328,8987
69919,11359
6112,82525
52324,9759
86177,9486
28878,9906
42229,841
56107,4688
89059,4148
40321,2207
829,9381
1222,9625
12454,9304
70711,20856
85144,5955
96725,9899
88370,9826
64868,21355
6112,10858
35257,11439
654,9457
23943,12412
66460,1494
29225,13184
7994,13184
60133,2185
22116,6639
40537,38153
75279,58233
17717,116977
62732,68734
16347,5503
58536,27573
8692,819
40537,1369
100814,9623
10266,10895
53358,10895
39376,10935
49585,834
36308,228066
64337,711
72244,10468
57981,10027
69352,11812
92352,37233
25995,37950
28091,27582
42197,64688
38642,64688
80549,509
74156,7443
98672,7443
4507,5966
67694,11066
90918,136795
65010,8095
36740,87826
4191,11560
14230,25189
46754,2637
98401,18480
71511,709
23773,49730
81095,2749
60261,9607
40365,9607
99267,1830
66460,79
91363,54054
69103,228967
7772,228967
11499,46528
98679,27936
15328,65
62521,280391
42554,9476
64761,10610
13247,745
15662,49527
31599,73937
50527,1885
21917,168672
46256,18240
26459,10398
45473,165
47175,240832
14658,216015
97960,12279
9810,1645
14896,11007
86459,193756
7520,11287
40158,259693
18824,37799
33931,10184
2548,4257
450,4234
45473,196
97446,257091
92084,6114
22600,24803
42554,109410
2637,1213
46060,100042
93609,100042
3294,9036
13342,257211
74022,323675
10927,9361
77072,1677
97960,187
32324,187
578,7461
4507,16538
46060,9889
93609,9889
6112,820
58969,11565
6945,6073
25995,16996
7475,193610
52324,19912
94167,296098
74170,8007
92725,32823
40776,4380
85648,11551
101903,10336
56433,11362
33825,50348
77804,48138
47647,1124
12730,227159
99372,68179
79749,1579
71511,708
15473,34851
75337,9930
77268,1586
31798,2044
23934,9913
30988,71864
78542,10761
10763,209451
92084,11975
829,4970
94167,11831
94290,9096
54118,440
47111,440
33690,11011
41748,10641
29991,11172
34014,39513
46256,82687
450,41446
9810,8224
6112,10537
10327,225886
82363,10385
81522,55779
4629,10154
15225,10647
46060,11431
93609,11431
6099,8457
89048,188161
21713,8850
63007,64685
80549,38357
28333,10060
18636,11398
16642,1833
42661,10391
69084,8970
96772,9306
27980,9306
30224,11370
16734,12184
76851,1921
81773,1683
53322,203
7520,11858
5802,62835
19476,18937
59854,13536
25894,15556
13796,10718
59338,11062
71027,10802
77575,1887
47195,6071
68214,10461
2763,80278
98846,12704
13991,10315
10096,16643
80998,2687
98679,194
88093,11025
89634,8849
33931,78698
8452,30943
21064,9544
35280,24418
9781,7288
28571,14655
27604,24575
22288,10366
16116,19898
59025,4965
18636,15074
1379,56715
4829,1272
3638,72358
2189,20542
52744,20542
22061,266396
70553,9978
5971,8271
23934,10428
46997,5353
90505,11934
50985,14392
74090,14392
52430,19495
54023,19495
61530,110415
766,77459
102031,26486
90320,9495
56981,256040
24145,24420
74166,1257
63110,62214
248,16320
2882,8842
85684,9531
26834,64807
21403,12289
58536,11529
14007,20943
5644,9099
97960,9488
71345,193
824,44865
18044,55787
46886,257932
54966,10400
72470,1957
78258,10833
23908,256961
22404,5852
17474,12312
35257,622
72470,11306
10096,12508
59316,25793
5511,10534
80998,1091
6824,87421
45209,10871
70190,13503
75747,13600
12803,68722
61063,14324
59025,14325
45069,299687
24887,312221
62732,23168
34274,76494
90505,4944
80815,4944
102231,10488
42432,10488
74310,96721
12803,334
72819,23742
88853,259694
84185,62837
23773,8966
7475,8470
5864,11001
86857,138832
92916,16911
102524,2163
16160,36670
62257,23048
84185,227735
96772,2155
57052,8409
14572,222936
84904,31908
57176,10219
15258,48171
99267,782
44818,75531
101561,11802
24059,9776
41915,18785
53619,365222
36561,817
63110,268
22601,45054
40321,943
27979,22881
97960,10054
76992,51540
90505,44264
80815,44264
31599,350
80077,152
76992,109431
53322,1598
14007,8065
65579,271718
10161,11638
2637,409
15328,2118
91714,11459
69919,10806
3952,9348
450,377
44964,8843
15484,9313
15484,39486
65513,1273
54946,13920
44877,50544
92725,325133
27979,140823
23943,1883
65579,89492
102389,22949
31211,12437
33931,2959
22238,9957
98911,11648
22116,9366
23715,1576
101586,609
90505,5516
80815,5516
74170,13051
99267,49530
17825,34806
16711,49022
88094,11469
54234,23479
15144,11667
35257,423
23773,2447
77804,10066
102613,2288
10763,88794
57307,13515
65350,11979
81773,169
22974,8090
74968,11622
78805,3604
72819,9541
100477,94348
10763,8197
84200,336004
76011,35019
9781,10410
31143,8836
100243,14442
5677,321741
9246,59965
43771,14175
15328,11004
54785,11918
35671,98357
450,10012
77268,49526
46256,268920
60593,9093
77072,119283
52757,11823
69352,35169
81408,118957
68118,849
55971,4515
65507,18886
10327,6575
42677,6440
5864,13496
30367,18320
98139,22787
72137,8967
102369,37498
73262,144336
42554,9616
62099,13056
7059,14113
45473,285783
32456,49478
5511,9726
40321,20763
77072,9702
63710,9311
26924,9280
48280,26843
52438,11876
46146,22267
18769,45958
76093,1969
86780,1969
43032,310706
64567,198663
5418,239573
53322,10436
74906,1381
39714,2162
28091,127493
15716,12429
6060,228205
24513,2900
95126,21311
84151,77875
16734,192136
11072,18254
84904,881
77109,10877
101486,9600
67142,202575
63361,202575
54039,71469
87276,85446
52324,326
77537,10685
49545,7220
4119,9763
61885,72387
22116,12596
68912,1892
99739,13460
63007,8055
69184,50647
50501,10719
82179,9294
103067,11888
40321,9647
82052,9353
90918,55721
69103,109414
7772,109414
66640,10307
6060,11978
33704,22907
77289,87567
58969,38322
38271,45612
3294,7305
9810,3594
98679,157841
94167,11519
4762,12920
85349,59
57981,9335
78546,12106
86177,11141
53322,8649
82854,31867
55393,10253
54966,3587
46463,124459
53314,24662
4789,32274
60891,182
84781,5494
92084,28
65912,38073
10096,2054
66491,302156
92352,606
45473,87502
81351,698
13991,120467
57176,11313
3294,6488
22974,10559
26755,296099
55179,296099
60133,8012
53932,1574
22238,9032
89152,2770
40154,862
10719,1637
99111,72570
88582,27569
61885,10637
94290,1669
59316,132363
86857,9472
60133,2907
5962,9273
34787,9880
74968,2925
18824,807
66913,17654
85291,11836
10763,322
10763,70
12454,9535
7475,11036
46256,6557
40776,18126
92683,16340
14230,10333
55163,4476
85194,22947
96107,2755
93399,82654
19914,59967
20582,16300
35280,16300
20162,9598
31599,82696
92725,9870
9246,8292
100082,8780
21889,9715
44708,10521
6099,10762
44708,10096
40836,59436
25740,227783
6105,4133
22404,10207
72744,172
70711,21972
26834,36593
71511,707
74156,533
98914,533
36679,6023
19476,6439
76844,4347
44708,37056
5511,4105
46060,76489
93609,76489
63110,3933
87619,3933
31483,9918
43840,273481
14710,307081
78546,16871
64079,293863
57060,13156
5118,41233
2427,9266
49955,1262
7849,4513
42982,22970
80490,7278
3624,7278
18584,9013
4838,865
69919,10776
76844,50456
23142,9823
39977,59861
54764,133805
13797,12763
77926,9766
69084,14034
26726,12244
60891,109421
51750,11137
49390,51162
39021,51162
84562,10152
11072,9452
79642,239566
4191,53113
69386,9271
75337,4474
65995,184346
53236,48340
45262,14846
92725,72207
32464,16232
101008,43539
17494,9920
49227,8978
14710,11702
102259,18550
21477,8869
55163,43347
2139,3489
51944,9701
2368,2122
52841,37707
48271,10658
39169,13150
56158,9042
84904,17813
36308,11208
9056,58151
72137,11400
28466,10350
57312,28902
22955,14164
86179,76640
38455,11058
78641,14844
70465,57089
42677,1947
102059,8054
21883,46829
33825,146238
86177,9989
55163,9665
72904,311
62510,102362
70258,11162
57312,6016
97080,17186
20162,13967
101259,2008
33596,9053
39564,4512
53785,76349
85596,76349
67465,31203
28091,265208
49955,45610
57240,50135
103133,50135
63710,1874
2393,271331
32847,215211
11049,367961
15590,10955
10724,223702
47504,223702
22943,254470
37766,69
81224,4967
7059,9449
74310,11499
80827,4912
67694,12771
90403,323676
10651,12506
42516,24071
30345,11249
2390,9667
87439,812
87928,812
57052,277216
94167,87
57166,14444
62770,14444
82981,2043
61989,315664
97960,1428
94290,562
69184,15373
95399,318846
46146,26320
39169,14292
34877,924
100919,2018
62909,192577
13991,9428
37766,2832
82179,137093
71511,699
40776,9778
30224,8831
88335,9398
42677,112949
100427,10439
57176,3638
13302,23483
65212,62206
80633,10577
36090,218778
76844,4348
5511,78
59854,11780
65364,192102
64201,2001
40956,10383
3237,11516
33690,10025
36561,15198
103067,23172
54234,17834
80998,10016
14307,10317
25995,58431
53322,9746
57449,13092
99639,59859
63642,13495
20514,254473
71511,700
65579,4964
7475,10024
28571,13490
96765,15927
78948,1259
16683,5125
46626,174
31999,9583
59025,9437
53935,525
4289,10188
32391,63574
20582,245
35280,245
70190,9825
36308,186
49836,9549
98831,61891
40952,34584
90320,2666
74514,12783
24497,13155
82955,42807
16116,28355
10718,8080
41119,5126
97960,56288
47924,303858
32456,1613
9810,31582
13484,16617
8692,8944
54966,41488
89368,37028
48081,14560
49484,10330
65579,6957
64882,1934
8948,169917
75337,951
14307,10189
58536,9454
30699,2055
9810,1551
10651,5902
450,11460
52324,9358
90505,134
54837,22894
9594,134374
35280,1901
84097,15028
42516,11509
28333,7445
23651,17047
34787,62838
23396,2057
53635,70436
33690,16784
29612,8011
34723,31640
17231,9092
40836,2779
21917,316002
17047,316002
8267,36355
44964,238615
70662,1985
79749,615
16642,788
8692,380
10763,13223
6112,10523
22061,8681
78018,239571
12090,619
94167,424
79642,50014
62683,162903
101486,11024
20508,208763
32456,6466
80896,254024
28878,12589
88643,7191
12535,1497
26924,117
90505,6977
80815,6977
74022,168530
96559,634
42677,392
34607,10327
23908,88042
75337,41630
40537,11969
77109,2085
40321,794
22955,9286
57176,77877
92156,1265
49955,866
75567,175555
67370,75174
44756,11096
95399,8699
53322,769
26247,10923
34274,11283
26924,111
5962,11676
32280,746
77793,77866
2083,9416
12803,7345
62695,14317
88441,14317
57166,20694
85970,20694
28571,12277
33931,9779
99884,2140
38147,12620
21662,14177
9056,198185
26479,227156
88093,10735
5716,11351
1184,10030
77109,10623
63007,590
23908,9655
36868,1268
30608,11237
68680,190955
81928,5123
60593,4518
32456,11932
96949,11165
93863,11165
93077,11165
20037,6116
14307,57431
15364,21724
54063,278
88370,9290
46060,11543
93609,11543
16915,284536
75661,152737
41508,13374
26573,8976
54152,319888
23943,9469
101555,1909
42677,22971
28138,34813
24430,46261
52662,10431
12803,8051
102744,9352
46646,10167
90918,18147
14180,17170
16235,18975
86807,15487
33133,22825
84665,11152
61806,1831
450,43931
16711,10591
97431,10861
34808,12770
42554,276907
64938,10074
52324,65055
79807,10397
75337,200505
101586,11954
55971,60309
23773,9787
12845,293646
80998,6978
82737,133698
39169,59440
57312,1770
76857,10655
54764,8988
7840,15992
57935,17707
12579,77883
12744,40001
6956,64639
42677,9903
13347,21338
7036,20766
93548,24264
4098,19803
89152,20309
3952,9912
75769,9067
84553,27360
70662,8338
89572,168705
35257,72113
13278,9729
42240,94352
3119,22256
82955,12404
32075,152742
10286,11699
67142,49953
68680,48034
77072,39845
103057,25353
55051,25353
73563,25353
67725,36696
56574,36696
5511,109091
9458,38543
79469,33157
77050,290864
33030,242166
61989,859
77975,83770
27521,168
9720,1246
450,4233
39169,174751
74022,184098
5644,2069
91097,1788
41915,11635
102059,177
4119,3600
76105,2621
72819,10358
2057,10480
1862,10313
23870,18828
37766,3558
14007,13476
88186,10208
5129,24961
3638,20697
71129,20761
57022,70868
57307,43593
11979,6478
97080,40688
45738,26672
21905,45881
6060,41283
15716,4935
65212,19908
36740,10663
16160,1891
9594,9737
2548,37137
22955,9532
80827,10316
6824,2787
92846,12658
21651,152601
91800,10866
90764,227707
56419,21349
87454,19150
60891,70435
20681,580
10047,9819
73998,13579
57312,20024
88370,2453
101008,6973
103071,11156
84104,354110
61989,22215
31165,11632
77050,30596
15258,3021
36290,957
87329,256917
48051,251
46060,544
93609,544
17474,11395
27979,14635
23908,13680
10763,688
16711,11090
10651,783
42677,228194
25894,1642
5573,10950
40991,235260
49585,277
15258,8999
60891,11323
10651,10445
46938,11453
5418,146239
76011,205588
22238,10878
29122,82650
23943,10279
72819,2294
4063,2176
90505,270487
80815,270487
58087,19366
19996,19366
59025,204082
95166,24100
21917,1599
79844,5550
16735,30379
19640,30379
95688,42586
74968,17709
20514,287948
48596,7548
71027,9075
99690,11661
66312,109513
75088,109513
31999,12085
98772,204922
4060,38985
21137,44113
67465,21494
34590,164457
76662,4566
26834,17795
46754,1073
59814,153158
40836,81836
10763,10724
78747,9473
69919,2196
89004,1499
3638,20857
21917,82693
36679,1646
75567,44944
57981,4108
33596,4108
99639,8456
43652,7341
89059,19255
26806,10187
96118,31005
23317,49517
78707,44857
47924,50780
80314,16363
85349,1946
94167,85
16642,772
94167,840
82448,9682
8156,96
100919,10678
38964,274
51978,8872
3745,16290
14711,579
101486,14405
40158,138843
103067,11637
90403,226486
82955,1584
23715,9312
64007,12153
96107,65057
16347,8326
91363,35690
71641,76203
32464,13497
75567,35688
63110,162
81964,296096
75567,103370
4060,1051
79113,376659
27738,376659
80490,10073
3624,10073
12382,16690
11299,16690
43328,273895
68780,14873
68214,8968
68166,9963
6115,15655
77804,21208
61885,272878
80490,9760
3624,9760
49370,314365
2057,13279
93289,1975
10161,33644
7059,1649
8692,9895
32769,9570
93049,27579
71558,16052
80490,40264
3624,40264
18769,1164
14896,239678
33250,14359
78747,3989
33704,76617
39327,1710
28571,4258
94119,20391
64337,10139
56433,335778
6257,9645
92564,55465
17588,617
4341,19904
64882,48289
61989,243
70332,6933
61806,17182
3952,8848
81896,38
23908,38303
73262,1266
9407,107985
26993,14043
50450,19901
51480,19901
40449,34016
57053,59860
44462,10069
88370,9588
37862,12819
84532,12819
13484,9954
48630,10115
97960,25132
64337,577
26229,328387
35676,328387
34378,12690
80998,9945
90670,539
2368,13596
74425,226857
34787,13159
5413,47941
40321,526
37767,22796
86439,2355
85144,5915
41915,9842
96271,61012
97960,755
10423,13682
47924,9089
91563,9470
87756,18357
49955,7979
18769,470
61963,15644
34958,9582
99387,10642
87560,22074
71928,2428
54576,290751
80490,13805
3624,13805
15473,4597
39327,9414
31013,63492
67816,81796
83223,81796
8692,10710
24150,15092
82334,15092
40836,11382
30427,15005
26479,8198
6945,6963
26736,15070
77268,12797
13484,17134
88643,41402
67159,18885
81896,4953
61989,10773
7036,146198
40836,2639
64458,10563
75661,295964
57312,5971
40836,9716
40158,11835
34274,26171
97343,31117
5864,9074
5864,14396
5215,15673
78107,42618
12803,171274
99300,24432
58756,24432
65693,24432
67065,109417
2548,13948
97960,106747
76694,10929
38147,14220
45182,46435
74343,256962
85349,48231
82955,3509
15328,82684
72470,82684
89572,12142
32391,23367
1339,10740
40099,241239
50082,14582
20773,14914
59042,3902
96827,77948
19914,21755
25850,4960
15716,128
52438,14652
98861,40932
7036,16608
87284,334531
12744,32316
17494,7299
72412,13405
64201,19457
31099,112937
97339,314385
71169,8953
55154,29078
34231,46503
56433,10448
91563,13688
1379,10353
65513,43935
24904,11458
56107,44638
103055,241257
59786,14538
50048,13250
88816,133931
52996,280871
86904,239897
10891,184341
53635,334074
70106,199373
21137,14202
95166,6968
30699,581
10327,52449
59338,12150
16498,11247
450,4232
6257,9378
18904,694
45473,105
21064,11377
75567,26367
91220,385383
12117,41210
37005,41210
14896,12090
82981,62630
85192,16110
50770,29427
15716,129
75887,244114
3952,2669
81158,203833
12730,13523
82669,25195
102641,17277
15239,50725
22305,82631
22352,73191
48004,22479
7449,340611
28071,10065
21651,2757
52745,11683
29225,244339
7994,244339
102059,1878
6878,23082
83533,23082
92725,195589
42661,854
7520,2280
98401,496
14007,8835
27521,157
65995,8643
91714,10402
19134,218043
57053,9043
10161,21301
51620,10147
36561,816
34274,302688
29122,60307
94290,106
3430,279
4341,8617
49484,10625
49832,10934
48004,5279
92084,10013
18769,194662
40836,160588
53981,9829
21662,10028
92834,10535
80998,790
12833,43959
102613,10364
28504,16991
96949,9610
53322,1578
85582,25643
8692,11904
49248,28665
4829,44115
40836,10569
53246,10560
5573,333348
58885,20483
97421,20483
25189,20483
25894,11457
4829,321697
16642,19840
36090,22327
58233,38665
27771,2575
26924,11644
36979,146227
46146,68924
84904,253235
62799,22102
55077,18701
74442,10068
3609,848
78018,36811
63110,522
85194,130150
95205,12246
24074,13809
91896,27380
89368,10549
26459,33870
48941,245703
40836,10739
69255,127560
52769,37903
40612,396152
90199,10017
5971,11468
15473,193613
38070,17436
34566,43434
24399,31166
76,69848
52745,8408
42661,332411
101788,9389
96949,9626
66367,75638
34014,8363
75567,15670
1318,290555
5118,8328
28536,10982
66077,10982
28864,10982
93000,205
6853,1620
31061,175541
16956,241254
24082,31932
103055,1933
19158,679
60206,11113
47150,3597
16711,193893
96107,9675
38388,9988
80998,948
45813,21765
28571,146304
67370,7516
51552,41439
74166,2752
6483,9429
22305,38117
57307,9792
69084,13778
51944,228203
7878,41382
59510,13960
92982,114150
54946,26602
78546,10223
56426,16028
54569,15639
50355,16112
14710,26390
94535,27759
43085,27759
44473,109428
33690,23049
35280,9310
75068,11411
55295,16988
80714,7304
72781,24747
17050,58048
86832,1491
17706,2989
9810,10629
6057,255343
33133,4723
26131,10800
37306,10800
51609,25763
62478,79694
3219,4032
51128,18615
6112,10673
46146,4584
21467,2977
46003,10760
46293,11093
88712,207
46060,8467
93609,8467
84904,639
5129,24226
41915,9285
3638,14709
90065,74643
43581,13788
13991,83666
41997,10781
85931,318850
101530,13908
64953,1417
58969,39180
9246,16161
58637,49950
88093,10956
94494,9594
9407,4638
36569,13972
40836,5038
8504,13491
33414,10571
20361,10994
15455,19994
59830,25166
40836,30890
64814,23169
35890,17403
12744,12120
38964,9800
45055,1090
101961,18475
52540,40160
88560,18074
40836,9689
3687,9781
21713,8009
49629,3877
5649,8854
64201,152599
57128,18840
4829,68727
34738,12657
30975,8265
63817,8265
75841,12410
23024,34647
99387,73935
42677,28178
66648,185567
54247,264656
19925,35696
13278,16351
75206,38717
27190,18777
65164,2110
83872,9035
18584,90
16642,771
27521,12154
92352,9576
8156,744
46146,146
89059,14
94165,45269
75337,9493
34310,22556
94167,873
80742,33196
72495,205596
3219,10765
72470,16769
39438,33217
93655,132232
12454,11153
3745,208134
61989,1165
63110,4011
75567,17202
92386,9587
7891,65086
28091,10053
14896,11870
39376,11778
8692,586
16975,18736
7638,134411
16577,287903
97960,9276
100814,15765
37766,2142
11902,11397
73262,77016
100477,11478
100664,266856
58969,13411
22717,10564
96765,947
55608,24150
30367,228970
14089,18405
35890,6961
15698,11442
84904,2493
102866,14047
28713,64690
102774,11132
53246,17127
38924,1562
45642,232679
56419,17880
61849,14736
61654,9434
3045,23706
71902,11531
26993,9100
40836,116
23936,38843
57128,1245
12803,4995
56426,10413
6482,14012
29378,9793
42868,12212
50098,13768
28459,8975
85646,342521
74425,45272
99980,9424
101713,97367
3952,254904
88303,18681
20829,12162
78957,11495
39564,64689
93049,157849
99117,13166
48828,15511
46754,37003
82194,37003
6288,12211
58816,13816
25074,51828
48084,22798
101048,7501
44236,7501
78982,10743
71579,37718
25894,15237
92084,9686
53322,9686
40836,9686
55778,17644
98583,97430
53190,12257
78999,13539
102059,68
12833,14024
90505,115
43287,7874
71129,4911
80896,1988
8824,16222
84270,9557
75279,9026
85851,57943
37160,18276
30932,8321
39243,72359
13875,10186
53366,25704
64337,133694
40836,19265
27925,36047
54247,8053
14161,2290
35211,5236
82372,6552
42229,1018
38772,10075
40836,38031
63107,42188
48774,112430
32364,6687
38116,13853
91447,31306
52769,8461
88438,331592
13278,47692
29488,19
22061,10045
59025,400
8527,253450
38070,9104
1968,11190
75493,16353
10484,16353
99739,23759
21713,24206
25210,10185
82608,75033
76902,74536
79956,31668
14274,13501
71806,15208
40715,172391
65278,262543
85848,9288
65770,370980
95497,20083
72013,40880
12454,137
45788,264999
85946,454
70154,53457
6641,288980
10763,33
99238,1951
4829,12405
74442,10998
34787,114
15672,9396
43099,319910
6112,2604
82179,864
80633,14435
28138,1931
81351,691
8706,9877
75567,62008
6818,12227
34808,13824
81924,71688
51662,15173
48828,15173
9246,8291
22559,13950
450,12158
27771,11586
36979,10008
2548,2830
6824,12403
69160,34563
17068,14557
92451,10368
7824,10280
53322,12637
23943,34152
24059,14434
90274,11470
72878,10741
49484,24940
99138,82679
16523,2013
91822,1440
46819,18041
92846,28029
26479,1123
75336,14033
57128,87729
88303,16899
26670,41317
45182,245700
79230,37842
96446,9045
21403,44092
55371,44092
86832,16005
33400,44754
29716,23988
84904,43949
46146,142
99387,9603
59042,10712
62257,243938
49836,10876
30932,86838
31061,25208
3098,613
103055,1913
1339,97370
8692,801
55393,70829
5118,54518
74906,44214
92084,240
45642,9816
13484,10131
12845,339984
67489,8859
25744,11967
19056,239563
62257,222899
88094,4951
78422,10985
84042,9644
77804,332567
92985,1954
16004,1954
34958,15489
47273,15250
97343,22345
9653,9448
54623,38223
59002,11186
100322,136835
54063,5876
74702,264660
21651,492
32334,25462
57005,238603
2427,10691
10763,1251
25126,5172
90652,58680
84330,264644
38845,14577
20748,11592
26993,16406
30266,19052
2998,3682
21431,9683
23581,2084
79113,107811
27738,107811
40947,2266
5782,2266
65223,2266
90505,2266
80815,2266
36679,2266
450,2266
64337,2266
52841,2266
50426,2266
77975,2266
73548,2266
96107,2266
45399,2266
99801,2266
98424,2266
2393,2266
34566,2266
55894,2266
83963,2266
79425,2266
6956,13074
35280,144340
50027,48217
13278,28211
37062,47502
5129,9950
50267,84892
61328,24227
57022,9672
80896,44853
82334,157544
9872,59678
97339,79777
32364,158011
54638,407887
22155,17043
101177,8952
90056,8952
39914,62204
102866,13435
78018,17187
8156,319
70098,59457
78982,9504
80896,37414
64314,6217
101200,26688
17528,43867
64628,43867
9056,6615
15840,14574
99238,16
92386,39780
18722,21612
101048,36691
44236,36691
97960,23631
19390,23631
80149,45324
47523,12144
97095,11658
58777,56601
4060,9552
94167,578
20582,2105
35280,2105
69131,126319
77173,126319
69908,126319
54234,10136
74022,67660
74022,10611
46626,154
38523,3049
22387,860
88712,9281
82292,75674
68394,75674
46256,9762
74781,3179
4477,184
12489,13335
14924,13335
35561,76726
14230,10269
102059,36819
46377,17130
68515,57214
43822,11202
63107,9357
48173,13812
99855,9030
65563,9030
54686,19084
21138,8386
44991,10437
56107,1360
69803,101267
68209,101267
66348,222935
91800,10220
24059,284296
96772,31915
77268,11601
61989,205220
86439,11354
43822,16241
23936,14191
91659,286565
82708,26710
96107,129670
96556,9059
88186,34549
85194,57157
24150,1948
82334,1948
19024,28353
36679,46889
4289,38093
38964,14976
34723,11027
50262,3635
40952,387
47056,6020
101703,122906
66460,9550
27634,60599
102462,227719
71401,14299
54949,19419
66805,19419
50160,12088
71873,14799
40836,9466
94863,7510
33414,31246
23943,61752
39574,10944
64201,10362
57658,14778
61530,1255
72412,45226
12544,10212
87395,8669
3288,179144
55218,16857
101542,86825
824,844
32614,8060
9082,15907
57312,38448
40071,327
65173,9260
45671,9260
5129,61337
46293,13079
42516,89325
73373,4170
66722,41508
32448,12479
66460,44555
52841,10133
2314,21345
98373,173931
80625,61984
13484,50601
52452,26466
59943,345003
15484,236751
24074,107
89685,357837
27925,8913
80154,13889
88449,18530
51463,358451
85648,927
8931,11
67075,291870
96765,907
63007,206563
100427,11887
21917,45317
3745,12094
5644,10377
2717,249164
16735,256092
93016,9942
62554,10748
75279,10748
9810,1817
100919,10229
4789,687
69352,796
51552,22804
36290,10156
61849,12837
74052,17708
26924,13937
54966,28932
101586,31909
22406,167073
18904,3175
98954,14369
11767,14369
67694,16888
75043,121826
22883,10646
86807,12149
57892,304357
62683,11184
78546,766
74525,20009
42677,1587
70300,30973
45182,11109
90652,9027
31165,63020
90505,86829
80815,86829
37997,11065
92528,13888
41476,42345
80962,13994
39660,1590
98772,62728
28036,11917
43206,45138
18594,80271
26058,4657
79996,14395
75279,24137
18321,190847
1484,11056
18904,62
94167,601
61546,13067
32689,25379
25211,88641
86372,58051
25744,14877
85431,96399
60679,304410
64337,489
54769,373314
49678,214
75337,10890
66647,1588
100019,316727
33414,10314
49678,663
70553,11804
75567,16781
53322,11873
15644,9289
5531,9289
50033,9289
10096,10414
93289,1970
22238,9614
5716,8922
10096,1648
94981,17917
64882,74534
70682,19405
42814,9355
65022,9355
78957,10999
44462,321258
48173,44040
59003,10426
83317,280092
96820,13938
69386,10163
8930,12182
72819,1832
75452,9034
94167,15301
85648,15301
53935,15301
42814,15301
72781,10135
64007,26352
44756,20616
26567,9794
58087,15037
19996,15037
92084,227
73807,294272
85349,11336
99226,283445
13169,88036
8706,10984
63301,22824
48004,9526
94906,39349
28039,15983
28571,14544
13991,11545
54118,42684
47111,42684
64882,268238
13561,8359
16498,15648
23943,41823
5962,11891
26322,9362
67483,9902
26736,14729
78982,9455
48941,103731
2942,10090
48358,164558
69377,19905
49233,17710
57892,75900
46997,9515
70995,27322
65965,328425
102688,14120
100243,10050
74781,1542
25487,10490
63110,87093
86459,10029
46003,9893
26924,11507
21728,37931
61989,3472
95928,87818
93609,87818
22943,87818
83872,87818
6099,87818
2083,87818
48081,87818
11177,87818
13006,87818
102859,87818
92346,87818
50602,87818
94944,13160
41042,88005
36090,52067
43032,73
10797,134597
46689,24034
69085,14283
42229,404
85404,13201
3242,209403
14166,7942
65645,73247
86439,253331
78310,34043
10286,9952
22673,256924
91975,82532
40058,82532
27538,41110
72689,134371
73329,2088
60891,10388
101008,1640
70829,25520
60128,27342
5716,13689
53685,67911
23943,24664
19718,329440
43822,47890
73709,252512
20582,55720
85349,9613
50246,29076
57022,29339
66491,68812
62577,32740
20748,14195
4060,73567
81189,41479
14883,15394
100865,10071
824,1989
80962,91076
24074,12779
54211,13191
91563,11770
21848,12703
102341,64559
101094,222649
46633,115872
97256,101173
16966,25350
89501,10034
6895,20178
52452,5072
50160,18191
67172,31007
80843,11546
45209,41894
52393,184374
70258,268171
64349,78149
84920,78149
102609,24663
55604,39037
49024,22805
58777,39055
6862,245846
59003,25186
64008,15017
27346,12245
76168,49787
62576,16358
80633,7006
56228,66767
12665,17622
40840,283671
56219,283671
64314,18516
91620,217708
50426,42057
75611,17577
18105,14608
82199,34417
86179,15067
6288,78383
23125,43090
34014,16614
26068,9700
48081,10471
31584,250066
81351,667
77379,208869
52769,86837
3975,10306
21457,106845
92934,11576
63703,219
44551,11827
82052,22820
52757,31174
28036,244316
15437,37737
99238,62215
75236,66125
5235,132316
5511,348
101586,30497
26391,27586
54966,14811
11982,660
13796,68684
52073,40794
57052,9400
28571,16162
7824,10585
87560,2359
100019,238636
55208,10472
67489,11282
6956,6521
38820,14181
53935,1621
76694,9656
20167,16428
89368,10705
58079,8272
3772,24621
33088,1619
25995,9685
1758,14425
30427,14624
92258,10179
46819,15568
58885,14057
26993,12621
59042,1808
69983,293670
49248,67675
11169,27329
52745,29514
76141,29514
69353,250349
45182,12454
100903,39806
13875,15699
8547,8883
75969,17926
21467,291081
93624,41248
25408,25968
21047,9671
56732,52010
50476,11588
56114,43418
8026,71157
34151,13483
46848,333355
71600,327833
9810,1547
34590,25196
102675,16323
60713,175528
67160,8069
45736,71805
96107,9451
31165,16727
95016,272693
90184,10696
69360,150202
93252,19644
39574,29963
79996,26022
40099,152747
30687,62676
53166,20360
90789,1116
64001,185008
41648,11620
102641,11620
49678,14353
67438,11818
27602,11818
4477,680
1461,11176
91069,242582
38388,11217
80077,15121
74310,2619
67480,773
3406,773
84904,235
4829,170
20678,14114
51643,10734
69160,37964
89294,28121
93399,40807
88003,10885
62090,225565
38998,16471
21326,385736
89368,11971
19705,668
450,11596
70711,14429
96763,13751
46377,9490
95420,14536
66044,1359
36090,9962
64601,15049
18468,22821
57128,42819
58300,209263
44877,37735
35922,59930
10718,10873
46003,51588
88643,23570
5413,19489
23656,14629
57128,8293
25850,291270
73217,291270
45182,44009
94080,1958
78957,13154
3345,26618
46366,43923
29424,43923
26573,46138
82669,45791
79846,26306
3761,110683
20775,26963
69416,26963
99529,198277
1070,7870
12910,13072
102359,153397
20798,30141
61063,17044
101264,10288
35404,12183
51028,12183
5644,44147
46456,12192
473,36597
46004,13197
5348,10913
58936,251321
71169,149
81095,10425
45345,49081
82068,256687
88093,220488
75242,1544
26459,374461
94080,302
85660,182873
17837,21512
10829,389425
26459,403
6060,29461
144,33542
65070,283708
85194,9388
45247,1691
25074,24684
82669,2610
61750,11308
67370,11022
50082,34341
44939,15365
59894,36046
74781,12569
98401,24356
71336,55903
80896,2577
72191,103903
80650,73873
4533,312113
97713,14165
18259,2011
87161,2011
85648,45650
96577,7735
28713,301365
41799,25941
88704,29064
85194,7326
43297,326284
12082,681
92084,238
74442,535
44851,19913
39574,713
60891,77930
41997,10727
12082,253
50098,17908
5065,8390
13169,57119
80827,3291
25695,398
97960,8068
50116,10803
12082,682
13347,10117
99739,9392
77650,24977
78148,24977
88184,79316
29523,79316
21917,2074
55608,1696
69160,308639
65350,22314
55608,2662
95275,77156
90505,12573
80815,12573
50461,44718
70190,11342
61849,241771
32070,34653
53322,11051
12910,14578
50426,57825
26479,9555
46646,15581
45129,13006
48468,16651
5235,4251
56885,12400
91975,39053
40058,39053
35685,104896
64314,14112
80149,12271
52336,71859
32470,226354
65003,48620
15328,33676
80650,37080
57812,25388
1379,11687
77575,39210
21239,30128
17868,31535
101746,44835
46997,192134
64337,1956
57321,24985
8930,306745
76080,47088
30655,47088
89728,110402
35703,27004
1475,15013
18468,8374
54213,277519
92084,78381
53874,164372
37321,164372
60228,294512
10763,8879
29607,13001
82955,9571
100427,13649
34627,325373
6662,334527
27474,2211
12787,13919
14803,14576
49167,82505
43840,46738
84151,38970
95893,41009
62562,7347
23142,250546
376,38415
9246,650
12802,16620
30985,25113
26924,11033
654,34723
100447,9430
58300,8998
80077,10514
97088,10496
12628,1591
71641,76025
13302,4836
74332,14631
81918,87499
6482,18923
100301,26665
31878,28089
61013,62255
93049,5708
19158,218
58329,338
94165,21641
10963,10925
72819,2293
6818,621
6112,792
87560,1777
4265,642
99702,433
55971,16619
80077,1725
23713,1725
12454,11977
25142,20322
69160,16158
92802,629
81773,10160
102389,11452
74906,12163
94534,32275
71873,13785
80998,1103
23943,36739
42762,14144
97156,10622
71873,13370
33690,11191
86177,10215
11177,25066
80740,1523
96950,11361
82955,92591
12672,57612
34378,12509
94299,15256
88575,83686
44308,83686
7336,80304
60551,28053
86107,67913
84257,13991
77575,1443
15840,8545
4603,19556
36371,19556
82543,231576
98853,16172
30665,13403
94494,15797
20139,347764
54576,13537
77139,20794
18743,31064
2776,576
93399,13990
97275,11583
52336,18602
86343,27549
94085,59728
102341,10930
74425,32395
56419,58882
54935,7547
13875,35944
75463,42222
48105,13827
43032,44260
39682,9282
38705,38940
55117,35689
79956,97614
18105,37206
97614,58626
35422,183894
85349,837
87870,1555
36742,244783
44366,16564
54036,168027
96772,3482
84927,135595
62816,8982
44162,89861
50426,455
30687,57022
47273,14351
51839,147767
1484,10664
49014,10664
92258,55567
4265,9277
95126,9443
28343,16186
57176,7863
26488,138697
10763,11901
51620,1548
78948,11889
68583,33155
43754,5528
95600,321
29860,4997
23943,925
50265,27451
15624,73532
23024,979
97590,193722
46433,7913
13583,253253
39028,51995
69184,13173
94986,22908
72495,70670
60483,84204
15968,25248
37304,230266
14711,16633
83766,63006
40158,91586
49678,215
98922,333371
3745,9012
57559,345911
26229,72571
35676,72571
27185,242512
42661,10072
97460,211954
26229,82990
35676,82990
64707,29912
95688,11843
75769,11284
27745,504
96949,173
42080,227348
42229,1955
30367,152532
2363,243940
47647,77
7359,157547
72819,2295
63007,71
54022,147773
77863,147773
30804,16096
28324,16096
55842,24266
13287,16508
22022,2895
59980,15660
85696,59968
81773,323677
25664,19848
48173,256274
21662,235271
31061,45153
49884,284293
68846,284293
44683,24973
54286,21610
35863,10283
96933,8346
92257,122081
88577,10987
73548,1391
9407,747
45637,14745
30687,26748
30608,11357
83347,24913
8692,13776
1727,14854
76754,50357
7099,13090
48173,192141
22608,16441
94534,29996
38467,351819
69176,14834
75533,22649
21662,378200
58151,20455
100577,20455
30178,13193
48016,11042
85684,10786
70333,12484
12082,17339
80832,11959
94044,9900
58079,14662
72904,335
50501,15745
38271,17431
72874,21014
10477,78394
1299,78394
13278,10217
5787,46332
58029,13996
14609,3028
100546,1024
25126,343795
26494,45658
10327,16148
32364,4553
64314,36351
60147,245916
30665,27585
24295,1415
75795,1415
43987,313922
35810,14474
95226,199933
13991,13685
11979,8744
44943,38428
73147,8847
389,39269
679,46838
8533,51384
3502,56930
66616,41730
53885,18442
13247,298312
26924,11600
55649,71547
34612,57876
1484,77495
91248,13849
10096,14849
38845,12486
54811,244403
37575,292481
48468,340816
78310,78814
64314,297596
21818,299552
30224,11935
91622,113406
72819,290825
56165,361159
41768,12555
27921,31175
64868,12498
40937,77949
45247,1690
80896,8435
48941,64720
31853,49365
69740,11404
99922,300706
101586,16337
2776,11577
28713,77987
97399,40185
83559,40185
44286,68202
55462,8981
92265,10914
51664,50848
14534,166624
48462,10822
2505,10844
74968,9336
6818,5689
22116,712
99387,13342
49945,10339
23943,1429
88675,9303
38088,9303
74906,641
42652,27686
35056,65749
6112,6106
8257,252680
85429,252680
33133,141
56767,66607
68570,17139
15029,12079
61376,39800
101542,4550
16514,62116
27182,9991
73326,13807
75168,68818
78936,12093
86840,36419
6069,281730
3430,510
100771,362105
36290,10970
53538,375290
9639,17663
43297,270938
25287,116613
1339,11826
38728,29920
51944,1088
63498,34069
34959,34069
100427,10947
14883,47452
37653,3040
57312,11386
97343,10246
52745,29426
52745,10331
77575,153
40836,703
3592,27191
49955,1365
65707,287424
50521,451
58148,165864
11058,987
100477,241251
94981,40494
14713,39781
80998,8337
96776,5925
25340,8357
68773,8357
87892,146203
82955,85350
40836,512
87549,13408
87549,47816
80714,10744
49945,11536
18743,9782
57152,18713
2763,6537
38467,184345
58175,1809
90670,2370
100865,9809
13544,5
63985,5
97960,5
4477,5
51128,11013
41980,19153
6112,10132
71873,16448
73593,15122
91800,8141
37666,1546
72819,48572
16188,14517
26309,89708
28792,27551
70418,64678
5640,309503
14014,14293
50521,15059
15769,103328
14307,157847
70122,25719
13484,48309
97458,27723
23651,20468
59233,242575
14166,44945
8692,29122
100322,125123
103071,111190
36121,133575
21174,54580
67766,52015
68214,34941
46491,227975
90316,60422
77379,81390
52841,10981
37337,225235
75622,14902
71866,121676
48140,22301
83522,22301
29202,22301
47434,20065
77926,257087
79353,46420
20678,114635
60973,158150
43179,251979
75463,874
5129,10774
85417,770
29385,266102
2776,29715
4189,25209
45506,37495
79965,29262
48314,34769
10031,35032
6408,5178
53246,8618
61806,3116
13875,9427
48051,813
33761,813
2548,813
100518,352978
57052,10634
85001,9516
35671,9516
38216,16288
2776,23330
30846,18900
75463,27029
51609,26268
90670,573
100953,310131
2205,40505
47434,11363
62683,3033
59814,25376
10083,22007
78546,765
9384,10615
42682,205321
30040,89540
81303,46146
57043,38007
67790,14256
61968,540
57802,370464
9076,20055
21650,224569
40937,395766
18736,39303
29244,142061
74934,370662
89572,252360
83333,256740
27870,299145
18801,241766
36290,12535
35797,1667
86668,1667
40099,50839
12679,86549
53494,13973
48742,244786
70662,598
72211,598
76608,11129
44940,75861
37406,13551
5348,103663
97343,850
74343,12586
78957,11564
22273,301748
43259,301748
64753,108346
24180,8841
35257,805
74257,11697
1551,22051
19139,436
37666,55347
86572,10070
53935,8469
12082,658
48619,125490
64420,1585
4829,627
23943,23618
10878,41436
34274,10162
87560,1430
66460,259943
32455,10014
57128,11257
100019,158015
65995,82507
89294,20337
8824,20337
30846,261
65508,1685
84185,20737
50986,10991
91457,10991
25493,10225
96765,826
46492,34086
90670,5854
11058,284
90809,10285
90670,5780
81896,292
23483,223485
96820,29463
67862,18065
30846,22013
92934,821
8824,53862
10116,3089
81921,3089
68523,30139
82955,132344
97752,15582
22608,15158
96820,44634
40448,30309
57638,7509
61643,10557
103025,23531
31165,28005
58300,40247
8905,252
40600,24126
15498,13982
72137,16642
99849,17734
47147,18892
16523,549
73709,121986
16683,868
61376,10683
23870,17995
72819,246403
101542,670
49630,35691
99539,35691
38747,49010
21858,317930
36105,11229
97595,22488
42502,24469
33111,82533
89004,50942
102738,84174
10068,34099
98432,79940
68273,79940
73373,342
68797,281230
39203,281230
99497,38033
86854,100975
6853,38541
99286,39563
13639,234212
12246,27404
60058,170480
45645,71866
32968,71866
102025,192210
69184,180296
11778,157058
53792,70006
27771,26039
32586,79587
29769,176077
7505,176077
69251,260947
55032,342502
29829,191229
49858,43213
89208,44594
77975,666
64420,248
67134,325173
25126,351043
86223,43942
33225,43942
48358,43942
76992,43942
34991,43942
43912,43942
57307,10226
15407,66942
5650,356483
43287,10476
11058,239
69399,10281
85417,630
36290,3034
52745,13025
88151,21461
10261,55306
9082,17264
47776,346081
57716,16016
66964,16016
74257,15875
87127,5900
85417,43306
36290,11072
28039,9730
65261,209274
57128,26371
67339,14137
24242,291
21697,14139
8968,33106
51153,8875
75399,872
55647,872
16366,72914
14408,72914
38467,139038
46079,126509
99579,126509
39977,9591
93244,10676
45861,1687
41476,24748
72426,181330
64337,468
82543,401
82955,76
2914,50538
101185,25636
57091,19316
80598,21074
91659,84329
40947,20
50425,157386
98401,13007
16730,13518
33199,116584
103096,46849
61085,40428
37488,40428
41971,17334
79956,1698
9379,20764
83872,45132
95252,76706
95879,254472
99353,332285
23943,49471
41109,13569
74781,7512
35773,356216
94986,11798
22214,146631
4189,43546
24548,61038
57060,78373
4189,17820
33030,74457
75646,283384
3102,19933
57995,756
79032,756
98866,756
10266,756
69378,756
88245,756
53358,756
38402,756
28134,756
7670,756
49728,756
102513,756
6958,433715
70190,9728
70858,9731
97595,9916
14032,309425
42724,14156
67127,43610
20310,360339
78762,31163
44937,297621
20139,16205
55357,887
101390,9517
15922,6007
58246,364083
1484,8329
49014,8329
40448,69640
62916,347548
68623,322443
11982,657
26870,28165
51139,28165
40836,11561
75220,270303
40836,11624
33335,595
42814,8810
70799,12207
54764,226
67195,92182
21735,92182
20636,582
20366,72213
10585,990
53762,55604
99801,9662
95498,20862
76080,2771
30655,2771
82955,80
18769,55
23773,11023
65892,33667
61734,39013
80740,11194
50830,43839
38907,1382
74934,44639
87051,301351
39655,4816
73262,7873
27604,331190
60891,15186
50663,17994
30665,1378
88391,8885
74934,12901
35262,250124
76655,14284
90211,57120
24295,12228
75795,12228
41516,22617
99849,55561
85435,42889
85468,42889
47175,10656
1748,24363
98414,13121
83322,24746
15239,12109
13885,27023
94986,22913
98831,273899
68936,67373
75246,171759
36679,206296
48967,35219
25244,28260
74493,7515
89971,13075
101628,335866
18907,335866
7891,13510
23773,215881
28515,18238
96748,22600
6047,12612
45464,50698
23370,50698
91909,115210
10895,34335
1114,459488
40836,11302
61362,119458
91219,20406
8631,20406
50524,3766
6810,18616
29860,18808
15029,95755
94755,198062
65869,188652
84166,174311
81833,12602
29860,153795
85684,17768
87560,13516
81159,98549
32518,312793
74077,309919
37994,299553
48621,21309
25126,32235
97614,329540
66367,26388
90222,49020
87950,159037
10804,12838
20283,12838
71786,157293
100664,14048
32222,356987
101219,295886
15802,38358
14658,33511
65892,702
18904,935
83203,542
55710,84175
16555,1705
26085,62677
76701,50875
63867,260778
48358,58492
81867,44562
11043,37232
65508,4929
30846,36334
58989,9783
99534,386826
28527,205126
4851,98557
65223,104
88266,10894
85590,246449
12845,32579
16555,1688
91822,1999
44897,43947
97807,24066
65261,9709
25871,191714
97816,25312
64420,34106
75463,11426
74257,13909
50608,206284
40598,27455
83804,66468
67136,7973
99767,283686
74817,15976
92084,592
28,74084
12069,1651
87048,25428
18838,298584
24191,10758
10095,11690
64420,3083
101390,9344
73709,10707
34607,15647
2427,308529
90670,4174
13278,20156
21848,9464
40158,49018
43356,13820
11308,18079
4078,127918
56017,17113
23111,129139
58175,507
73124,4012
14307,14054
67789,323271
32364,10972
8311,13066
93428,66025
51600,11908
17023,3082
21180,39541
7025,1961
32334,51820
86749,291362
91961,291362
32614,30082
30687,72913
5430,23963
17551,29406
55608,104755
13372,253306
51924,29595
25429,46729
73991,294600
46855,137347
80539,290370
80000,426469
38715,356841
1533,301325
4748,347755
57995,408
68068,44413
26059,39209
62160,48463
101402,394047
20139,312791
91742,312791
3301,266034
51939,280381
57334,2661
24074,100
90177,218500
5348,309
60404,27845
10265,25784
33711,52790
55281,100275
36919,295914
49771,42033
97908,42033
55703,19187
61536,46415
11778,38570
81222,27588
90670,223
70190,9725
11058,28580
82648,23730
11064,84197
29769,84197
98323,46256
31385,19997
74257,43266
23943,278316
60891,1412
40158,176
38388,39939
9742,357834
71733,215924
31165,480
33400,14295
90670,11219
42664,20770
87578,176124
4477,500
42652,60400
72904,429
90975,310569
20677,98369
32689,89750
20805,49951
67756,86331
21957,355629
21002,16433
100078,15544
90242,15544
44683,43884
93195,107315
22700,13064
96509,59917
22754,157422
99667,310933
102672,7553
94986,12877
38782,39895
22512,55616
74923,29697
100652,50037
62518,94329
48624,53502
92256,53502
92011,202604
44683,289
15259,27374
76695,26815
101215,811
50527,1366
66815,244776
61750,5769
39385,277685
53322,103
85648,11298
11982,646
25719,93856
12401,9003
27787,347126
99639,10092
71836,10643
101713,46705
70195,546
44462,76487
13735,5722
96648,39833
46819,1781
34299,18712
53322,7944
45247,171424
86239,361475
39658,113947
71168,18570
85429,83860
77984,83860
32364,41469
34029,244772
100145,50837
48613,248774
72972,10183
74418,159014
50265,32456
58300,49963
69752,13508
40909,22597
22608,9707
81735,37532
25283,26791
9665,56666
78747,8675
14307,13132
37406,46989
24447,192132
55237,24424
66167,24424
69504,13198
95683,244267
81480,21413
38246,21413
61776,123678
102693,123678
66820,123678
34991,13362
88071,39183
51238,39183
41521,62402
95928,206412
17316,201132
31286,251471
15359,251471
67680,112456
30375,20296
101985,25983
102004,66195
4507,16155
100114,46727
6263,55180
54785,29015
93117,91122
48224,18206
102989,320146
34549,13856
53368,13856
47147,219716
16735,56491
59412,99826
89548,186935
96286,19344
30276,242083
21451,18869
35415,18869
44025,26673
12082,41830
23272,37694
6666,63287
21042,335874
56760,34592
12275,92635
11498,258755
28256,96534
88937,21283
12275,272724
97030,84178
64792,101179
17074,52462
90307,269057
82358,287524
8324,206213
82416,248402
27947,29146
27500,207769
3181,271185
47582,29731
65239,292539
65892,654
16106,91070
72368,2009
195,323270
51679,323270
89496,323270
47631,323270
7849,2652
42664,9813
88882,60421
24887,157354
50966,127867
57995,3170
79032,3170
98866,3170
69378,3170
88245,3170
29535,3170
83012,3170
34607,14014
30225,15708
79546,146882
84660,215918
18996,84200
64079,84184
55174,45767
91248,14823
25287,367551
35815,343409
55634,60243
8599,57294
61376,11446
10261,47889
8930,25461
322,905
75006,78705
6956,25212
82092,26899
77787,146269
26436,292483
69658,14451
78195,10105
41239,211557
8931,838
51924,40862
24647,13158
87792,13158
69172,84332
74022,74510
72426,74510
32871,74725
101985,58428
32280,8416
86832,36584
44321,13429
93399,9022
9077,22530
75463,288
79846,14275
102234,2287
60147,18734
69287,206197
33015,26837
46366,7859
15960,302579
17618,302579
17328,51955
67856,376004
50996,158752
11629,40658
99753,296943
2105,118612
44732,138976
71783,323967
51046,3080
89377,2667
97477,2667
19172,9459
53935,11598
14032,26916
41309,181940
78469,125263
10670,263503
15173,324322
75948,375950
13423,278348
85684,704
43744,70875
44511,75986
66487,385636
20366,14438
49376,211086
44076,23069
67195,83
92546,89857
75955,30315
43729,14358
49370,2056
44342,41144
93166,35199
32417,14271
31471,16653
89754,14757
18632,84401
40545,23655
31471,36825
25126,33430
28162,12281
66616,125052
61150,96238
17043,30246
60404,7301
80615,172533
100775,180383
80154,346
47961,84318
48174,45145
4044,13983
4055,45649
30225,19844
71267,21801
50808,21801
51659,43933
72842,73511
98327,43653
96909,139715
8968,45380
3752,30867
49955,81220
99267,253626
61295,294550
75242,90369
65409,117942
3230,117942
36325,322194
3605,98568
93301,119657
26421,380733
49678,285743
90168,362765
33451,379532
18425,253261
26870,15239
51139,15239
35922,94072
53981,4107
27553,15624
26870,17287
2154,198370
17886,3062
33111,15389
55389,464
13096,308467
82052,8193
43987,188166
34612,23827
24242,1282
102059,762
76966,762
49884,64499
68846,64499
5559,281189
29026,1435
82871,189711
90800,19204
88582,9029
72518,18045
61989,11240
89373,157909
32712,10238
86737,3059
95246,15800
11149,65203
78546,764
42711,103620
33525,319069
43514,14278
42236,14278
47233,25678
88718,79161
57451,371690
5129,389
5149,52032
32317,52032
64420,3078
18973,38810
42859,21525
39169,55123
48064,11980
87870,11956
30988,1550
96899,162396
90211,26518
90211,8942
28677,68412
95867,2786
21240,87943
71939,87943
49376,73981
21103,91721
85696,118452
56576,47534
99121,40914
49855,365052
84350,13282
26477,250184
69370,250184
86715,426067
39765,324352
57938,318040
70089,27420
77482,80468
87838,84188
72819,2255
58300,50035
4044,14290
41820,29371
36090,44490
36850,32222
52841,431
102332,76996
75074,51942
40545,1424
7671,60420
13544,142132
24701,142132
45881,20520
64314,109729
79610,78307
33550,78307
48941,12247
19514,29917
24489,70687
5607,60463
83189,46252
39326,24869
89687,77934
27158,34697
26689,150211
33451,306667
88158,274758
94534,3060
79074,173224
28713,18533
98665,376010
37177,139948
26502,139948
24361,77332
48461,70478
24434,35073
42814,9659
100447,10218
72904,391
8674,43595
88104,54897
43328,83588
65223,53256
15830,40920
53910,287815
11865,54702
3687,176074
70332,69270
91975,5759
40058,5759
19769,402515
30274,402515
64935,126141
75756,48035
48078,14758
47582,13363
33381,37985
31482,37985
58625,25786
27239,36549
17464,361398
11836,361398
71882,289180
60405,289180
19177,288927
9362,21334
101646,79120
23943,27995
76746,253290
94940,344466
95683,55420
83909,5822
30068,408429
44708,39141
99529,5723
100523,28666
56320,30979
76084,50497
102009,354624
98916,13187
31852,335244
58890,178862
54436,331745
293,331745
87560,1779
18453,282128
81918,86812
24481,84355
43107,18632
95867,40652
17604,339408
17303,266857
20366,18925
58684,299245
13059,299245
42229,985
26478,34101
40776,9821
67863,65448
18773,18841
70023,272726
78328,175291
81110,80215
76599,80215
14410,13538
94027,51130
40837,270554
69401,72086
81593,268917
97033,64973
74906,473
82185,90414
49489,111794
49958,360188
48358,9372
47993,85860
81633,85860
80615,244534
97983,33468
88204,294086
66187,139998
7359,74777
47434,16388
48541,159770
2023,42109
9051,47607
61254,193603
1954,84659
100549,322745
30442,20981
97611,174362
87545,242095
44587,250902
73471,158895
9141,222250
14307,18292
73537,125537
62722,326576
9855,228550
53322,13963
78947,290391
77756,44770
75822,69382
97853,40769
61257,220490
32871,42151
72819,2292
43055,42497
97853,33693
2057,14585
99472,185465
89572,38780
82955,14022
33129,366967
9855,255266
20366,17345
3372,226458
91975,24055
40058,24055
102419,287625
1049,44990
81633,86304
20748,692
34566,39851
82710,13898
32357,157185
48847,36095
26856,182291
92458,286939
9401,124606
63413,14337
69207,67238
7748,67238
97960,9367
47434,72766
16242,231617
26756,126186
92765,25975
14032,25975
80356,25975
