movie_id,release_date,host_id
19995,2009-12-10,42
285,2007-05-19,42
206647,2015-10-26,42
49026,2012-07-16,42
49529,2012-03-07,42
559,2007-05-01,42
38757,2010-11-24,42
99861,2015-04-22,42
767,2009-07-07,42
209112,2016-03-23,42
1452,2006-06-28,42
10764,2008-10-30,42
58,2006-06-20,42
57201,2013-07-03,42
49521,2013-06-12,42
2454,2008-05-15,42
24428,2012-04-25,42
1865,2011-05-14,42
41154,2012-05-23,42
122917,2014-12-10,42
1930,2012-06-27,42
20662,2010-05-12,42
57158,2013-12-11,42
2268,2007-12-04,42
254,2005-12-14,42
597,1997-11-18,42
271110,2016-04-27,42
44833,2012-04-11,42
135397,2015-06-09,42
37724,2012-10-25,42
558,2004-06-25,42
68721,2013-04-18,42
12155,2010-03-03,42
36668,2006-05-24,42
62211,2013-06-20,42
8373,2009-06-19,42
91314,2014-06-25,42
68728,2013-03-07,42
102382,2014-04-16,42
20526,2010-12-10,42
49013,2011-06-11,42
44912,2011-06-16,42
10193,2010-06-16,42
534,2009-05-20,42
168259,2015-04-01,42
72190,2013-06-20,42
127585,2014-05-15,42
54138,2013-05-05,42
81005,2013-02-27,42
64682,2013-05-10,42
9543,2010-05-19,42
68726,2013-07-11,42
38356,2011-06-28,42
217,2008-05-21,42
105864,2015-11-14,42
62177,2012-06-21,42
188927,2016-07-07,42
10681,2008-06-22,42
5174,2007-08-08,42
14161,2009-10-10,42
17979,2009-11-04,42
76757,2015-02-04,42
258489,2016-06-29,42
411,2005-12-07,42
246655,2016-05-18,42
155,2008-07-16,42
14160,2009-05-13,42
15512,2009-03-19,42
1726,2008-04-30,42
44826,2011-11-22,42
8487,1999-06-29,42
1735,2008-07-01,42
297761,2016-08-02,42
2698,2007-06-09,42
137113,2014-05-27,42
9804,1995-07-28,42
14869,2009-08-04,42
150540,2015-06-09,42
278927,2016-04-07,42
10138,2010-04-28,42
58595,2012-05-30,42
102651,2014-05-28,42
119450,2014-06-26,42
79698,2015-02-13,42
64686,2013-12-06,42
100402,2014-03-20,42
10192,2010-05-16,42
158852,2015-05-19,42
177572,2014-10-24,42
82690,2012-11-01,42
5255,2004-11-10,42
47933,2016-06-22,42
10191,2010-03-05,42
296,2003-07-02,42
118340,2014-07-30,42
157336,2014-11-05,42
27205,2010-07-14,42
315011,2016-07-29,42
49051,2012-11-26,42
9799,2001-06-22,42
4922,2008-11-24,42
49538,2011-05-24,42
131634,2015-11-18,42
27022,2010-07-13,42
503,2006-05-12,42
241259,2016-05-25,42
810,2007-05-17,42
68735,2016-05-25,42
87101,2015-06-23,42
10140,2010-08-13,42
676,2001-05-21,42
1858,2007-06-27,42
1966,2004-11-21,42
675,2007-06-28,42
674,2005-11-05,42
8960,2008-07-01,42
6479,2007-12-14,42
118,2005-07-13,42
2062,2007-06-22,42
272,2005-06-10,42
10527,2008-10-30,42
18360,2009-05-20,42
2080,2009-04-28,42
605,2003-11-05,42
109445,2013-11-27,42
604,2003-05-15,42
76338,2013-10-29,42
76341,2015-05-13,42
13448,2009-05-13,42
10195,2011-04-21,42
13053,2008-11-21,42
19585,2009-07-21,42
57165,2012-03-27,42
62213,2012-05-08,42
177677,2015-07-23,42
7978,2010-02-11,42
5559,2007-10-28,42
49444,2011-05-25,42
10196,2010-06-30,42
956,2006-05-03,42
117251,2013-06-27,42
50321,2011-03-09,42
11619,2006-10-22,42
266647,2015-09-24,42
82703,2014-02-07,42
652,2004-05-13,42
80321,2012-06-06,42
36669,2002-11-17,42
43074,2016-07-14,42
95,1998-07-01,42
608,2002-07-03,42
2310,2007-11-05,42
140300,2016-01-23,42
56292,2011-12-07,42
81188,2012-11-21,42
7552,2005-12-21,42
616,2003-12-05,42
147441,2014-12-03,42
13475,2009-05-06,42
557,2002-05-01,42
82702,2014-06-12,42
205584,2016-02-25,42
10048,2005-07-28,42
13183,2009-03-05,42
944,1998-07-10,42
1927,2003-06-19,42
72559,2013-03-26,42
7364,2005-04-06,42
2114,2001-07-02,42
1771,2011-07-22,42
36643,1999-11-08,42
8619,2003-11-14,42
50620,2012-11-13,42
65759,2011-11-17,42
1724,2008-06-12,42
267935,2016-06-01,42
281957,2015-12-25,42
77950,2013-07-11,42
44896,2011-03-02,42
270946,2014-11-22,42
2503,2007-08-03,42
9502,2008-06-04,42
102899,2015-07-14,42
101299,2013-11-15,42
228161,2015-03-18,42
74,2005-06-28,42
8961,2003-07-18,42
417859,2011-10-28,42
27576,2010-07-21,42
86834,2014-03-20,42
17578,2011-10-25,42
673,2004-05-31,42
6972,2008-11-18,42
82700,2013-05-30,42
10567,2000-05-19,42
181533,2014-12-17,42
38055,2010-10-28,42
671,2001-11-16,42
49524,2013-07-18,42
22,2003-07-09,42
131631,2014-11-18,42
591,2006-05-17,42
172385,2014-03-19,42
36658,2003-04-24,42
51497,2011-04-20,42
58574,2011-11-22,42
18823,2010-04-01,42
861,1990-06-01,42
1911,1999-08-27,42
49040,2012-08-08,42
415,1997-06-20,42
8871,2000-11-17,42
435,2004-05-26,42
955,2000-05-24,42
2133,2000-03-15,42
1979,2007-06-13,42
87827,2012-11-20,42
1250,2007-02-16,42
324668,2016-07-27,42
9471,2003-06-27,42
70981,2012-05-30,42
10996,2002-07-19,42
68724,2013-08-07,42
2789,2004-06-11,42
97020,2014-01-30,42
7459,2008-05-09,42
42888,2010-12-17,42
37834,2010-06-15,42
75612,2013-04-10,42
1895,2005-05-17,42
1894,2002-05-15,42
585,2001-11-01,42
76170,2013-07-23,42
1893,1999-05-19,42
49519,2013-03-20,42
2395,2008-01-13,42
12100,2002-06-14,42
290595,2016-04-06,42
98566,2014-08-07,42
49047,2013-09-27,42
9619,1997-02-07,42
308531,2016-06-01,42
166424,2015-08-05,42
1593,2006-10-20,42
254128,2015-05-27,42
714,1997-12-11,42
2024,2000-06-28,42
163,2004-12-09,42
787,2005-06-07,42
262500,2015-03-18,42
2567,2004-12-17,42
38745,2010-12-25,42
40805,2011-01-12,42
53182,2014-03-05,42
41513,2011-07-29,42
13700,2004-04-02,42
262504,2016-03-09,42
39254,2011-09-28,42
77931,2013-07-30,42
1639,1997-06-13,42
80274,2013-10-23,42
1571,2007-06-20,42
120,2001-12-18,42
10204,2004-06-16,42
8489,2001-12-11,42
10588,2003-11-21,42
2048,2004-07-15,42
1495,2005-05-03,42
10137,1999-12-17,42
10198,2009-12-08,42
286217,2015-09-30,42
1635,2005-07-20,42
24113,2001-04-27,42
9679,2000-06-09,42
98,2000-05-01,42
180,2002-06-20,42
672,2002-11-13,42
36557,2006-11-14,42
869,2001-07-25,42
280,1991-07-01,42
11322,2009-07-01,42
4982,2007-11-02,42
36955,1994-07-14,42
18487,2009-06-11,42
39451,2010-12-21,42
27581,2010-08-06,42
9268,1996-06-21,42
68718,2012-12-25,42
10545,1996-06-21,42
11688,2000-12-09,42
76163,2012-08-08,42
2059,2004-11-19,42
2486,2006-12-14,42
16523,2009-10-16,42
116711,2013-05-15,42
37710,2010-12-08,42
9946,1999-11-24,42
1372,2006-12-07,42
106646,2013-12-25,42
414,1995-05-31,42
563,1997-11-06,42
83542,2012-10-26,42
41216,2010-07-10,42
314,2004-07-22,42
184315,2014-07-23,42
9016,2002-11-26,42
18162,2009-06-05,42
138103,2014-08-04,42
257088,2015-12-03,42
10214,2005-02-18,42
205775,2015-11-20,42
11692,2002-08-15,42
22972,2010-03-11,42
227973,2015-11-05,42
29193,1997-09-08,42
1734,2001-04-28,42
3131,2002-12-14,42
76758,2011-12-15,42
9408,2007-06-08,42
9890,2004-06-10,42
855,2001-12-28,42
77953,2012-08-09,42
18,1997-05-07,42
37786,2010-05-26,42
10501,2000-03-31,42
57800,2012-06-26,42
150689,2015-03-12,42
7980,2009-12-26,42
12,2003-05-30,42
122,2003-12-01,42
121,2002-12-18,42
68737,2014-12-12,42
1995,2001-06-11,42
157353,2014-04-16,42
331,2001-07-18,42
61791,2011-08-03,42
8204,2008-02-14,42
47964,2013-02-06,42
10733,2004-04-07,42
9806,2004-11-05,42
1408,1995-12-22,42
32657,2010-02-01,42
607,1997-07-02,42
863,1999-10-30,42
44048,2010-11-04,42
5175,2001-08-03,42
2655,2000-07-21,42
22794,2009-09-17,42
8355,2009-06-29,42
116745,2013-12-18,42
4327,2000-11-02,42
1422,2006-10-05,42
10674,1998-06-18,42
7446,2008-08-09,42
65754,2011-12-14,42
1572,1995-05-19,42
10528,2009-12-23,42
271969,2016-08-17,42
10865,2001-06-02,42
258509,2015-12-17,42
2253,2008-12-25,42
10661,2008-06-05,42
257344,2015-07-16,42
644,2001-06-29,42
10756,2003-11-25,42
686,1997-07-11,42
9383,2000-08-04,42
179,2005-04-08,42
76285,2013-08-07,42
1996,2003-07-21,42
291805,2016-06-02,42
10003,1997-04-03,42
1535,2001-11-18,42
2067,2000-03-10,42
46195,2011-04-03,42
2277,1999-12-17,42
10357,1997-04-25,42
4477,1997-03-12,42
8665,2002-07-19,42
9387,1982-04-02,42
921,2005-06-02,42
49852,2010-11-24,42
4464,2003-07-22,42
664,1996-05-10,42
8358,2000-12-22,42
9836,2006-11-16,42
2502,2004-07-23,42
9772,1997-07-25,42
161,2001-12-07,42
52451,2011-08-31,42
76492,2012-09-20,42
4523,2007-11-20,42
59961,2012-02-09,42
10481,2000-10-07,42
59108,2011-11-02,42
1581,2006-12-08,42
9798,1998-11-20,42
22897,2009-12-23,42
298,2007-06-07,42
7484,2006-09-29,42
157350,2014-03-14,42
853,2001-03-13,42
10159,2003-09-26,42
9593,1993-06-18,42
1904,2005-12-06,42
9615,2006-06-03,42
51052,2011-02-22,42
297,1998-11-12,42
9884,2002-02-06,42
16858,1979-12-20,42
62764,2012-03-15,42
22538,2010-07-27,42
9341,2003-03-28,42
12107,2000-07-27,42
9637,2002-06-14,42
49049,2012-09-07,42
9339,2006-06-22,42
16281,1982-11-12,42
39691,2010-07-30,42
8247,2008-02-10,42
11253,2008-07-11,42
1949,2007-03-02,42
8452,2000-11-17,42
310,2003-05-23,42
27578,2010-08-03,42
954,1996-05-22,42
70160,2012-03-12,42
45243,2011-05-25,42
364,1992-06-19,42
7518,2006-04-22,42
11544,2002-06-21,42
9986,2006-12-15,42
8656,1998-05-08,42
146216,2013-07-18,42
9291,2005-05-19,42
55301,2011-12-14,42
109418,2013-07-11,42
11665,2008-06-19,42
6964,2003-12-12,42
11324,2010-02-18,42
12193,2008-11-26,42
9928,2005-03-10,42
754,1997-06-27,42
10202,2008-12-24,42
4147,2002-07-12,42
50546,2011-02-10,42
1701,1997-06-01,42
13027,2008-09-25,42
2289,2003-12-24,42
20504,2010-01-14,42
9574,1997-11-26,42
11618,1999-07-23,42
2300,1996-11-15,42
12096,2006-01-18,42
10200,2008-12-10,42
8834,1997-08-07,42
228150,2014-10-15,42
6068,1998-06-12,42
41515,2010-12-11,42
9023,2002-05-24,42
38317,2011-07-06,42
2157,1998-04-03,42
14462,2004-07-30,42
161795,1998-04-22,42
159824,2015-09-21,42
49948,1999-12-17,42
2135,2002-03-04,42
9822,1998-12-25,42
9705,2001-06-07,42
1656,2005-10-24,42
12159,1998-10-02,42
9678,2000-11-10,42
4442,2005-08-26,42
75,1996-12-12,42
330770,2015-09-14,42
9433,1997-09-06,42
19959,2009-09-24,42
11973,2000-12-24,42
11228,1996-12-06,42
77951,2013-12-18,42
5491,2000-05-10,42
10715,2003-11-14,42
10197,2009-12-03,42
9562,2003-11-26,42
9922,1997-12-25,42
9447,1998-11-25,42
274854,2015-10-21,42
8870,2000-11-10,42
9992,2006-12-13,42
36970,2009-10-17,42
10077,2005-05-15,42
76649,2014-02-18,42
293644,2015-10-30,42
453,2001-12-11,42
8587,1994-06-23,42
72545,2012-01-19,42
109451,2013-09-26,42
9533,2002-09-29,42
2023,2004-03-05,42
71880,2011-11-11,42
584,2003-06-05,42
309809,2015-07-29,42
4858,2007-08-17,42
17711,2000-06-30,42
328111,2016-06-18,42
8698,2003-07-11,42
93456,2013-06-25,42
602,1996-06-25,42
330,1997-05-23,42
953,2005-05-25,42
9693,2006-09-22,42
36657,2000-07-13,42
8909,2008-06-19,42
9802,1996-06-06,42
950,2006-03-23,42
1824,2004-02-13,42
2976,2007-07-13,42
11026,2004-08-20,42
332,1999-07-23,42
75656,2013-05-29,42
38365,2010-06-24,42
594,2004-06-17,42
15189,2009-01-16,42
11678,2000-12-08,42
6538,2007-12-19,42
10555,2004-09-20,42
1125,2006-12-25,42
4551,2005-03-04,42
612,2005-12-22,42
9567,2003-03-07,42
37821,2010-06-04,42
203801,2015-08-13,42
2539,2004-12-17,42
9297,2006-07-21,42
3172,2001-10-12,42
6520,1995-07-07,42
1439,1999-12-16,42
37958,2011-11-10,42
2026,2005-03-09,42
7450,2000-06-16,42
11375,2003-06-09,42
9425,1998-10-23,42
25769,2009-09-04,42
23685,2001-02-23,42
11866,2004-12-17,42
9741,2000-11-13,42
211672,2015-06-17,42
23629,2011-03-24,42
8688,1998-08-07,42
10153,1998-02-13,42
153518,2016-05-11,42
8676,2008-02-07,42
20829,2009-07-31,42
4349,2007-08-22,42
9718,2006-08-04,42
10808,2001-06-22,42
197,1995-05-24,42
25,2005-11-04,42
35,2007-07-25,42
11086,2001-12-21,42
10477,2001-04-27,42
1997,2004-04-07,42
6947,2004-07-30,42
3050,1998-06-22,42
2675,2002-08-02,42
809,2004-05-19,42
920,2006-06-08,42
4806,1999-07-30,42
7451,2002-08-09,42
228165,2015-02-05,42
3595,1996-11-08,42
16869,2009-08-18,42
879,1991-12-11,42
1573,1990-07-02,42
9257,2003-08-08,42
1903,2001-12-10,42
9697,2006-07-21,42
395,2004-08-12,42
23398,2009-12-21,42
10590,2002-03-01,42
117263,2013-03-20,42
200,1998-12-10,42
44943,2011-03-08,42
587,2003-12-25,42
10395,1994-06-17,42
57212,2011-12-25,42
152760,2014-01-24,42
2756,1989-08-09,42
33909,2010-09-02,42
49017,2014-10-01,42
9882,1998-11-06,42
2270,2007-08-09,42
978,1997-09-12,42
44564,2011-01-13,42
3132,2002-06-07,42
8814,2005-10-20,42
8427,2002-10-31,42
52520,2012-01-19,42
80585,2012-06-13,42
10592,2002-02-15,42
49021,2011-09-23,42
11535,2002-02-08,42
10550,2002-09-20,42
11258,1998-01-16,42
12610,2001-08-07,42
59981,2013-06-13,42
201088,2015-01-13,42
5137,2004-09-17,42
3093,2006-03-29,42
107846,2013-10-09,42
188207,2014-01-10,42
4614,2002-05-31,42
24021,2010-06-23,42
11371,2001-07-13,42
20352,2010-07-08,42
11517,1995-11-21,42
214756,2015-06-25,42
26428,2009-05-17,42
9824,1999-08-06,42
48988,2011-02-25,42
9008,1999-10-28,42
300673,2016-01-25,42
12113,2008-10-10,42
38778,2010-07-30,42
72331,2012-06-20,42
1844,1999-04-29,42
846,1998-06-19,42
9703,2007-04-19,42
857,1998-07-24,42
136797,2014-03-13,42
3981,2000-12-15,42
425,2002-03-10,42
6171,2003-03-21,42
72976,2012-11-09,42
603,1999-03-30,42
568,1995-06-30,42
9021,2002-10-31,42
82695,2012-12-18,42
9489,1998-12-17,42
12133,2008-07-25,42
9342,1998-07-16,42
41733,2010-11-04,42
227306,2014-12-25,42
5551,2000-07-31,42
9350,1993-05-28,42
9208,1996-02-09,42
4244,2000-07-07,42
1852,2006-08-09,42
11820,2003-12-19,42
76493,2012-05-15,42
345,1999-07-14,42
196867,2014-12-19,42
256591,2015-02-25,42
59962,2012-02-14,42
36648,2004-12-08,42
1880,1984-08-10,42
9440,1998-03-20,42
71679,2012-09-12,42
10483,2008-08-22,42
11412,1996-10-11,42
11983,2000-12-08,42
6795,2005-11-06,42
550,1999-10-15,42
11170,2006-12-12,42
9292,1991-05-23,42
10783,2000-10-27,42
100241,2014-01-22,42
257,2005-09-23,42
9947,2005-01-13,42
189,2014-08-20,42
12618,1999-10-08,42
253412,2015-09-10,42
1427,2006-09-13,42
818,2002-07-26,42
16577,2009-10-15,42
329,1993-06-11,42
12160,1994-06-24,42
9331,1994-08-03,42
300168,2015-02-19,42
9072,2006-08-31,42
3536,2000-04-20,42
9087,1995-11-17,42
12177,2008-06-20,42
12138,2001-02-23,42
273248,2015-12-25,42
9955,2007-03-30,42
50359,2011-03-30,42
1271,2006-12-09,42
693,2004-12-22,42
14306,2008-12-25,42
497,1999-12-10,42
11199,2007-03-02,42
9982,2005-11-04,42
210577,2014-10-01,42
2501,2002-06-14,42
710,1995-11-16,42
2275,1999-06-18,42
37165,1998-06-04,42
9837,1998-12-15,42
10708,2003-05-03,42
136400,2013-08-02,42
10992,2001-07-04,42
9654,2003-05-30,42
2642,2002-12-19,42
8916,1998-10-02,42
19899,2009-09-19,42
2119,1990-06-27,42
9641,2005-12-21,42
294254,2015-09-09,42
38167,2010-08-12,42
5994,2000-12-12,42
39514,2010-10-13,42
9563,1999-12-16,42
547,1998-05-14,42
1538,2004-08-04,42
9334,2002-04-16,42
11128,2004-10-01,42
75780,2012-12-20,42
8914,1999-07-28,42
13576,2009-10-28,42
39538,2011-09-08,42
10628,2003-01-17,42
14836,2009-02-05,42
8645,2008-06-11,42
9509,2004-04-23,42
10067,2006-03-09,42
9384,2004-03-05,42
9279,1996-11-15,42
1487,2004-04-02,42
9422,1998-03-05,42
77174,2012-08-03,42
4824,1997-11-14,42
9620,2003-12-25,42
9302,1996-03-01,42
10199,2008-12-19,42
10771,2002-09-27,42
3512,1995-07-13,42
137094,2014-01-15,42
274479,2015-12-24,42
267860,2016-03-02,42
8078,1997-11-12,42
7485,2007-03-22,42
170687,2014-09-10,42
6435,1998-10-16,42
137106,2014-02-06,42
10040,2005-03-11,42
6278,2002-07-12,42
82682,2013-01-10,42
17610,2009-06-18,42
22954,2009-12-10,42
16995,2009-04-17,42
16558,2009-03-19,42
9849,1999-02-11,42
5820,2006-04-19,42
16866,2009-11-19,42
201,2002-12-13,42
11775,2003-09-02,42
87825,2012-09-21,42
12201,2010-01-29,42
11015,1997-01-10,42
9932,2002-12-06,42
13389,2008-09-11,42
8838,1998-04-03,42
17332,2009-04-24,42
4958,2000-11-02,42
786,2000-09-15,42
9513,2006-06-15,42
11679,2005-04-27,42
38321,2011-05-05,42
14411,2003-07-02,42
8413,1997-08-15,42
10052,2002-02-22,42
9676,2006-09-15,42
9664,2006-09-22,42
2100,2001-10-19,42
10384,2000-01-14,42
137321,2014-02-13,42
123553,2013-08-21,42
11260,2008-07-08,42
9009,2005-06-27,42
11374,1999-03-26,42
2309,2008-12-11,42
8285,2008-12-25,42
210860,2015-01-21,42
2312,2007-11-29,42
9839,2003-10-23,42
381902,2016-01-22,42
13922,2005-08-12,42
293660,2016-02-09,42
9713,1998-10-08,42
190859,2014-12-11,42
257445,2015-08-05,42
9007,2005-09-16,42
889,2000-04-28,42
1370,1988-05-24,42
4942,2008-03-24,42
347969,2015-12-11,42
24438,2009-12-17,42
116741,2013-06-07,42
35791,2010-09-09,42
72431,2012-01-19,42
1813,1997-10-17,42
87428,2012-06-14,42
8840,1996-05-31,42
10589,2004-11-12,42
71676,2011-12-10,42
1722,2001-08-17,42
10022,2005-03-04,42
11358,2004-04-02,42
13,1994-07-06,42
6477,2007-12-13,42
1597,2000-10-06,42
10530,1995-06-14,42
1924,1978-12-13,42
9327,1996-06-26,42
8488,2005-02-10,42
10603,1997-07-15,42
8273,2003-08-01,42
109424,2013-10-10,42
35056,2010-04-08,42
8839,1995-05-26,42
156022,2014-09-24,42
7303,2002-12-13,42
8963,1995-05-12,42
1402,2006-12-14,42
9315,2005-09-22,42
8984,1994-12-09,42
795,1998-04-10,42
24,2003-10-10,42
11353,1999-08-12,42
393,2004-04-16,42
9618,1989-12-22,42
9374,1992-07-30,42
8584,2000-05-26,42
2320,1996-03-15,42
58224,2011-06-17,42
1729,2008-04-18,42
175574,2013-10-30,42
8077,1992-05-22,42
8818,1996-12-14,42
8195,1998-09-25,42
10586,1996-10-11,42
116149,2014-11-27,42
80035,2012-07-26,42
10632,2003-03-11,42
12117,1999-06-04,42
1792,2003-12-10,42
13260,2008-02-28,42
72197,2012-03-12,42
3580,2008-01-30,42
12123,1996-08-02,42
9566,1996-08-15,42
9833,2004-12-08,42
4517,2007-09-09,42
8202,2005-11-30,42
16072,2003-02-21,42
34314,1997-01-09,42
19724,2009-06-19,42
145220,2014-03-20,42
14623,2004-07-23,42
42297,2010-11-23,42
2841,2004-10-26,42
802,1962-06-13,42
10375,2002-01-04,42
36586,2002-03-22,42
11321,2008-12-18,42
70074,2013-01-31,42
242,1990-12-24,42
9621,2005-10-06,42
1819,2006-07-14,42
8536,1980-12-04,42
8046,2003-08-01,42
1717,2006-09-10,42
479,2000-06-15,42
9444,1997-11-20,42
824,2001-03-09,42
11456,2001-10-30,42
261023,2015-09-04,42
3683,2006-10-18,42
22803,2009-10-15,42
285923,2007-04-06,42
39437,1998-10-16,42
1950,2007-05-01,42
640,2002-12-25,42
97630,2012-12-19,42
9767,2006-06-01,42
11631,2008-07-03,42
32856,2010-02-10,42
6519,2005-08-05,42
8741,1998-12-25,42
49520,2011-08-05,42
1850,1999-12-22,42
524,1995-11-22,42
26389,2010-02-05,42
11817,2003-03-28,42
2123,2000-06-22,42
9907,2006-08-04,42
9969,2006-11-22,42
18239,2009-03-15,42
808,2001-05-16,42
38050,2011-03-03,42
8367,1991-06-14,42
9390,1996-12-06,42
72105,2012-06-29,42
2898,1997-12-19,42
10312,1998-12-25,42
109443,2013-12-18,42
2022,2002-06-28,42
37686,2011-06-08,42
462,2000-03-17,42
9919,2003-02-07,42
187017,2014-06-05,42
628,1994-11-11,42
10201,2008-12-09,42
302699,2016-06-15,42
9441,1998-12-25,42
274167,2015-12-25,42
224141,2014-12-25,42
388,2006-03-23,42
2112,1999-02-05,42
10329,1995-06-09,42
74465,2011-12-22,42
13811,2009-03-19,42
6877,2006-03-10,42
10320,2005-03-17,42
50646,2011-07-29,42
8920,2004-06-10,42
13673,2004-11-24,42
60308,2011-09-22,42
6950,1995-03-10,42
225574,2014-01-26,42
13836,2009-03-12,42
752,2006-03-15,42
6038,2003-02-06,42
9975,2006-02-10,42
11451,2005-06-22,42
12103,2001-09-28,42
60304,2013-01-17,42
2251,2002-05-10,42
46529,2011-02-18,42
231,2005-11-23,42
300671,2016-01-13,42
228326,2014-10-01,42
9754,2006-02-10,42
66,1997-02-14,42
4421,1997-08-22,42
2649,1997-09-12,42
588,2006-04-21,42
10393,2000-08-07,42
71552,2012-04-04,42
9631,1998-07-29,42
216282,2014-08-06,42
306,1994-05-24,42
928,1990-06-15,42
205587,2014-10-08,42
6623,1997-09-26,42
1577,2004-09-10,42
9801,2004-11-10,42
2116,2003-10-03,42
9624,1994-02-18,42
14199,2005-06-10,42
1907,2000-02-11,42
4599,2004-05-27,42
22832,2009-09-29,42
10390,1999-09-17,42
9879,1996-06-28,42
38579,2010-06-04,42
44603,2010-10-15,42
11892,2002-04-19,42
9691,1995-10-06,42
1248,2007-02-06,42
12220,1999-10-13,42
72710,2013-03-22,42
10782,2003-04-18,42
9573,2002-08-04,42
4959,2009-02-03,42
10061,1996-08-09,42
10386,1999-08-06,42
421,2004-12-10,42
316152,2016-06-24,42
11615,2003-02-21,42
13498,2005-02-25,42
241554,2015-03-11,42
2252,2007-09-14,42
11968,2005-09-30,42
10047,1999-10-18,42
38319,2011-04-08,42
69668,2011-09-30,42
9770,1997-11-07,42
11212,1994-07-01,42
10533,1995-10-13,42
38363,2010-05-20,42
9923,2005-09-22,42
11863,1995-10-13,42
18501,2009-09-03,42
109491,2013-02-13,42
9275,2002-03-28,42
329833,2016-02-06,42
12634,2004-01-30,42
10416,2000-03-03,42
47327,2011-02-24,42
15268,2009-02-27,42
10796,2001-11-02,42
9548,1990-07-11,42
18947,2009-04-01,42
1900,2000-12-27,42
89,1989-05-24,42
96724,2012-09-06,42
198184,2015-03-04,42
9481,1999-11-04,42
4547,2002-03-29,42
53953,2006-08-08,42
6415,1999-09-27,42
181283,2015-03-15,42
9896,2001-07-30,42
167,2001-10-22,42
11232,2001-12-25,42
1636,2000-10-19,42
2148,1984-12-14,42
5176,2007-09-06,42
260346,2014-12-16,42
1389,1998-06-26,42
9894,1996-06-10,42
7504,1998-09-16,42
8592,1990-06-15,42
913,1999-08-06,42
11091,2001-10-19,42
1368,1982-10-22,42
593,1972-03-20,42
5393,2006-09-14,42
9095,1996-02-23,42
8874,1997-06-19,42
11467,2001-07-17,42
320,2002-05-24,42
199,1996-11-21,42
20533,2010-06-18,42
10684,1996-07-04,42
1624,1997-03-21,42
325789,2016-07-13,42
113464,1981-05-04,42
888,1994-05-26,42
82675,2012-09-27,42
4256,2003-10-24,42
1493,2000-12-14,42
88751,2008-07-10,42
11130,2004-08-06,42
9944,1993-12-16,42
10731,1994-07-20,42
7350,2007-12-25,42
9869,1992-06-04,42
4379,2005-05-13,42
146233,2013-09-18,42
2034,2001-10-05,42
926,1999-12-23,42
4248,2001-07-04,42
64328,2011-11-22,42
36647,1998-08-21,42
7214,2005-01-14,42
1537,2002-04-07,42
9360,1997-04-11,42
6282,2000-07-30,42
508,2003-09-07,42
9487,1998-11-25,42
768,2001-10-19,42
2636,1994-10-07,42
10478,1996-08-16,42
27983,1968-04-24,42
9981,2005-05-13,42
7453,2005-01-15,42
15045,2004-12-12,42
7737,2007-09-20,42
232672,2014-05-21,42
17379,2006-01-13,42
8987,1994-09-30,42
11359,1995-07-14,42
82525,2012-07-06,42
9759,2004-09-06,42
9486,2003-04-06,42
9906,2006-07-27,42
841,1984-12-14,42
4688,2007-09-14,42
4148,2008-12-19,42
2207,2006-03-01,42
9381,2008-08-20,42
9625,1996-10-04,42
9304,1996-07-19,42
20856,2009-07-31,42
5955,2001-01-09,42
9899,2005-12-25,42
9826,1996-06-06,42
21355,2000-12-11,42
10858,1995-12-22,42
11439,2010-02-12,42
9457,1998-01-30,42
12412,2008-09-15,42
1494,2006-12-21,42
13184,2008-08-21,42
2185,2002-04-05,42
6639,2007-10-04,42
38153,1997-01-31,42
58233,2011-09-15,42
116977,2012-06-15,42
68734,2012-10-11,42
5503,1993-08-06,42
27573,2010-03-16,42
819,1996-10-18,42
1369,1985-05-21,42
9623,1996-02-02,42
10895,1940-02-23,42
10935,1980-11-19,42
834,2006-01-12,42
228066,2015-11-10,42
711,2000-12-21,42
10468,2000-04-06,42
10027,2005-02-02,42
11812,2002-04-12,42
37233,1993-06-30,42
37950,2010-05-01,42
27582,2011-01-13,42
64688,2012-03-12,42
509,1999-05-13,42
7443,2000-06-21,42
5966,2004-01-16,42
11066,1992-06-30,42
136795,2013-06-27,42
8095,1963-06-12,42
87826,2012-10-11,42
11560,2002-04-03,42
25189,1996-11-15,42
2637,2002-01-25,42
18480,2009-07-08,42
709,1989-07-07,42
49730,2011-03-11,42
2749,2001-03-01,42
9607,1993-05-28,42
1830,2005-09-16,42
79,2002-12-19,42
54054,2012-01-26,42
228967,2014-12-25,42
46528,2010-12-02,42
27936,2009-10-28,42
65,2002-11-08,42
280391,2015-04-08,42
9476,2001-05-11,42
10610,2003-08-15,42
745,1999-08-06,42
49527,2012-01-13,42
73937,2011-10-13,42
1885,1984-06-22,42
168672,2013-12-12,42
18240,2009-06-01,42
10398,1999-09-24,42
165,1989-11-20,42
240832,2014-07-14,42
216015,2015-02-11,42
12279,2003-07-25,42
1645,1996-07-24,42
11007,2003-12-24,42
193756,2013-12-24,42
11287,1992-07-01,42
259693,2016-05-13,42
37799,2010-09-30,42
10184,2009-02-06,42
4257,2006-04-13,42
4234,2000-02-03,42
196,1990-05-25,42
257091,2015-03-26,42
6114,1992-11-13,42
24803,2009-08-06,42
109410,2013-04-12,42
1213,1999-12-25,42
100042,2014-11-12,42
9036,2006-02-17,42
257211,2015-09-24,42
323675,2016-01-14,42
9361,1992-09-25,42
1677,2004-10-29,42
187,2005-04-01,42
7461,2008-02-01,42
16538,2009-03-20,42
9889,2001-11-01,42
820,1991-12-20,42
11565,2006-01-26,42
6073,2001-03-01,42
16996,2009-03-11,42
193610,2014-04-16,42
19912,2009-08-26,42
296098,2015-10-15,42
8007,2001-11-17,42
32823,2010-06-04,42
4380,2004-10-15,42
11551,1998-07-10,42
10336,1997-07-31,42
11362,2002-01-23,42
50348,2011-03-17,42
48138,2011-02-16,42
1124,2006-10-19,42
227159,2014-11-26,42
68179,2013-02-14,42
1579,2006-12-07,42
708,1987-06-29,42
34851,2010-07-03,42
9930,1986-06-18,42
1586,2004-03-12,42
2044,2006-06-16,42
9913,2005-07-29,42
71864,2012-08-15,42
10761,2008-05-02,42
209451,2014-06-05,42
11975,1997-11-18,42
4970,2003-11-21,42
11831,1997-12-03,42
9096,1992-02-07,42
440,2007-12-25,42
11011,1994-12-19,42
10641,2000-08-11,42
11172,2007-02-09,42
39513,2011-02-14,42
82687,2012-12-19,42
41446,2011-04-11,42
8224,1999-02-26,42
10537,1991-03-01,42
225886,2014-07-17,42
10385,2000-02-16,42
55779,2011-08-12,42
10154,1999-08-16,42
10647,2000-10-12,42
11431,2005-04-06,42
8457,2008-03-20,42
188161,2014-05-22,42
8850,1994-07-01,42
64685,2011-12-24,42
38357,2010-01-12,42
10060,2005-11-09,42
11398,2000-08-23,42
1833,2005-11-23,42
10391,2000-08-11,42
8970,1999-04-02,42
9306,1996-08-23,42
11370,2001-09-07,42
12184,2008-02-28,42
1921,2001-02-16,42
1683,2007-04-05,42
203,1973-10-02,42
11858,1994-06-03,42
62835,2011-07-27,42
18937,1998-05-15,42
13536,2002-09-06,42
15556,1999-01-15,42
10718,2004-01-16,42
11062,1996-02-16,42
10802,1995-09-22,42
1887,2006-05-24,42
6071,1995-04-21,42
10461,2000-10-06,42
80278,2012-09-09,42
12704,1987-05-15,42
10315,2009-10-23,42
16643,2002-04-26,42
2687,1992-02-28,42
194,2001-04-25,42
11025,2004-05-01,42
8849,2004-10-22,42
78698,2012-02-02,42
30943,1999-03-12,42
9544,2002-08-09,42
24418,2009-10-23,42
7288,2003-09-26,42
14655,2008-11-07,42
24575,1980-01-01,42
10366,1999-08-05,42
19898,2009-09-08,42
4965,2001-12-03,42
15074,2002-11-27,42
56715,2001-04-06,42
1272,2007-04-05,42
72358,2012-03-07,42
20542,2008-12-12,42
266396,2015-02-16,42
9978,2006-07-21,42
8271,2007-04-12,42
10428,1995-09-14,42
5353,2007-09-03,42
11934,1994-03-11,42
14392,2007-12-12,42
19495,2005-07-17,42
110415,2013-08-01,42
77459,2011-10-12,42
26486,2004-09-24,42
9495,1994-05-11,42
256040,2015-07-10,42
24420,2009-08-14,42
1257,2007-02-02,42
62214,2012-10-04,42
16320,2005-08-25,42
8842,2004-02-20,42
9531,1983-06-17,42
64807,2013-12-25,42
12289,2008-07-10,42
11529,2002-09-26,42
20943,2009-07-24,42
9099,1996-03-29,42
9488,2002-08-07,42
193,1994-11-17,42
44865,2013-01-08,42
55787,2011-03-15,42
257932,2014-05-20,42
10400,1999-09-17,42
1957,2002-05-24,42
10833,2001-03-23,42
256961,2015-04-16,42
5852,2001-05-15,42
12312,2001-12-21,42
622,1999-08-24,42
11306,1996-09-27,42
12508,2001-09-04,42
25793,2009-11-06,42
10534,1996-02-02,42
1091,1982-06-25,42
87421,2013-09-02,42
10871,1997-10-31,42
13503,2001-11-30,42
13600,2008-10-07,42
68722,2012-09-07,42
14324,2007-12-17,42
14325,2008-10-10,42
299687,2016-01-14,42
312221,2015-11-25,42
23168,2010-09-15,42
76494,2012-05-17,42
4944,2008-09-05,42
10488,2008-04-03,42
96721,2013-09-02,42
334,1999-12-08,42
23742,2010-02-26,42
259694,2016-01-21,42
62837,2011-09-23,42
8966,2008-11-20,42
8470,2002-02-15,42
11001,1999-09-17,42
138832,2013-08-07,42
16911,2008-12-18,42
2163,1997-05-02,42
36670,1983-10-07,42
23048,2010-03-26,42
227735,2014-09-12,42
2155,2000-02-25,42
8409,2003-04-04,42
222936,2015-05-27,42
31908,1996-12-20,42
10219,1999-12-22,42
48171,2011-01-28,42
782,1997-09-07,42
75531,2000-01-28,42
11802,2008-07-17,42
9776,2003-01-01,42
18785,2009-06-05,42
365222,2015-12-19,42
817,1999-06-08,42
268,1989-06-23,42
45054,2011-03-25,42
943,1992-05-15,42
22881,2009-11-20,42
10054,2001-03-18,42
51540,2011-07-08,42
44264,2010-12-22,42
350,2006-06-30,42
152,1979-12-06,42
109431,2013-02-07,42
1598,1991-11-15,42
8065,2008-03-27,42
271718,2015-07-17,42
11638,2005-03-25,42
409,1996-11-14,42
2118,1997-09-19,42
11459,2005-07-29,42
10806,1997-09-10,42
9348,1995-07-07,42
377,1984-11-14,42
8843,2000-08-17,42
9313,1998-03-12,42
39486,2010-08-20,42
1273,2007-03-23,42
13920,2003-10-24,42
50544,2011-07-21,42
325133,2016-05-04,42
140823,2013-11-16,42
1883,1992-11-18,42
89492,2012-12-20,42
22949,2009-11-24,42
12437,2009-01-22,42
2959,2007-07-04,42
9957,2006-04-07,42
11648,2005-07-21,42
9366,1997-02-27,42
1576,2002-03-15,42
609,1982-06-04,42
5516,2004-03-25,42
13051,2008-10-15,42
49530,2011-10-27,42
34806,2010-04-23,42
49022,2011-05-05,42
11469,2001-11-21,42
23479,1976-04-07,42
11667,1994-12-22,42
423,2002-09-24,42
2447,2006-12-01,42
10066,2005-04-30,42
2288,2004-12-01,42
88794,2011-11-09,42
13515,2008-08-15,42
11979,2002-02-10,42
169,1990-11-20,42
8090,2008-01-22,42
11622,1999-02-12,42
3604,1980-09-01,42
9541,2004-03-25,42
94348,2012-10-18,42
8197,1997-11-21,42
336004,2015-11-13,42
35019,2010-03-26,42
10410,1992-12-25,42
8836,2008-07-24,42
14442,2004-04-09,42
321741,2015-11-12,42
59965,2011-09-22,42
14175,2005-03-25,42
11004,2000-02-22,42
11918,2008-03-27,42
98357,2013-01-18,42
10012,2005-02-25,42
49526,2012-08-24,42
268920,2015-05-08,42
9093,2002-09-08,42
119283,2013-01-23,42
11823,2004-09-13,42
35169,2010-04-02,42
118957,2012-09-05,42
849,1983-07-29,42
4515,2007-10-22,42
18886,1991-01-18,42
6575,2007-12-21,42
6440,2001-12-18,42
13496,2001-08-17,42
18320,2009-03-04,42
22787,2009-09-09,42
8967,2011-05-18,42
37498,1998-09-04,42
144336,2014-03-28,42
9616,2003-09-05,42
13056,2008-12-05,42
14113,2006-08-11,42
285783,2015-09-30,42
49478,1997-05-02,42
9726,2006-09-09,42
20763,1992-02-21,42
9702,1993-02-05,42
9311,1997-02-13,42
9280,2002-11-06,42
26843,1981-04-17,42
11876,1995-09-20,42
22267,1999-11-24,42
45958,2010-10-20,42
1969,2006-01-18,42
310706,2009-05-13,42
198663,2014-09-10,42
239573,2015-03-05,42
10436,1993-09-17,42
1381,2006-09-06,42
2162,1999-09-01,42
127493,2012-05-17,42
12429,2008-07-19,42
228205,2015-04-09,42
2900,1999-08-26,42
21311,2000-05-05,42
77875,2012-11-29,42
192136,2013-12-06,42
18254,1981-12-25,42
881,1992-12-11,42
10877,2001-03-13,42
9600,2000-05-31,42
202575,2013-12-24,42
71469,2011-12-22,42
85446,2012-07-26,42
326,2006-08-06,42
10685,2000-09-08,42
7220,2004-04-15,42
9763,2005-06-06,42
72387,2012-04-16,42
12596,1999-04-23,42
1892,1983-05-23,42
13460,2008-03-14,42
8055,2008-12-10,42
50647,2012-02-23,42
10719,2003-10-09,42
9294,1996-07-05,42
11888,2002-01-18,42
9647,1988-11-22,42
9353,2006-06-16,42
55721,2011-04-28,42
109414,2013-06-12,42
10307,1999-09-10,42
11978,2000-09-13,42
22907,2010-08-26,42
87567,2013-04-25,42
38322,2011-02-16,42
45612,2011-03-30,42
7305,1993-01-15,42
3594,2007-02-23,42
157841,2013-10-16,42
11519,1979-12-13,42
12920,2005-09-10,42
59,2005-09-23,42
9335,2005-08-02,42
12106,1995-02-09,42
11141,2004-04-04,42
8649,1999-10-22,42
31867,2010-03-18,42
10253,2007-02-08,42
3587,1996-09-06,42
124459,2013-03-14,42
24662,1997-03-26,42
32274,1999-12-10,42
182,2006-12-08,42
5494,2004-03-28,42
28,1979-08-15,42
38073,2010-09-01,42
2054,1995-12-29,42
302156,2016-04-14,42
606,1985-12-20,42
87502,2012-11-02,42
698,1979-06-26,42
120467,2014-02-26,42
11313,2001-09-07,42
6488,1990-08-09,42
10559,2000-04-28,42
296099,2015-07-28,42
8012,1995-10-20,42
1574,2002-12-26,42
9032,1999-06-25,42
2770,2001-08-10,42
862,1995-10-30,42
1637,1994-06-09,42
72570,2012-02-05,42
27569,2010-01-21,42
10637,2000-09-29,42
1669,1990-03-02,42
132363,2013-08-16,42
9472,2004-06-18,42
2907,1991-11-22,42
9273,1995-11-10,42
9880,2001-08-03,42
2925,1996-09-20,42
807,1995-09-22,42
17654,2009-08-05,42
11836,2004-11-14,42
322,2003-10-07,42
70,2004-12-15,42
9535,1999-03-05,42
11036,2004-06-25,42
6557,2008-01-10,42
18126,2009-04-10,42
16340,2000-09-14,42
10333,1991-12-25,42
4476,1994-12-16,42
22947,2009-09-05,42
2755,2002-12-13,42
82654,2013-01-31,42
59967,2012-09-26,42
16300,2001-02-16,42
9598,1995-07-18,42
82696,2012-08-07,42
9870,2008-04-17,42
8292,2005-08-11,42
8780,2008-04-23,42
9715,1998-05-29,42
10521,2009-01-09,42
10762,2004-08-20,42
10096,2004-04-13,42
59436,2011-05-11,42
227783,2014-01-17,42
4133,2001-04-04,42
10207,1999-02-22,42
172,1989-06-09,42
21972,2002-07-03,42
36593,1994-03-18,42
707,1985-05-24,42
533,2005-09-04,42
6023,2007-11-15,42
6439,2005-01-06,42
4347,2007-08-29,42
37056,2010-05-14,42
4105,1989-09-22,42
76489,2012-04-13,42
3933,2005-09-09,42
9918,2006-01-13,42
273481,2015-09-17,42
307081,2015-06-15,42
16871,2009-03-15,42
293863,2015-04-16,42
13156,2003-09-19,42
41233,2010-08-04,42
9266,2002-08-08,42
1262,2006-09-09,42
4513,2007-10-17,42
22970,2012-04-12,42
7278,2008-01-24,42
9013,1988-07-20,42
865,1987-11-13,42
10776,1986-12-19,42
50456,2011-04-07,42
9823,1997-11-21,42
59861,2011-06-30,42
133805,2013-10-16,42
12763,2006-03-17,42
9766,2006-09-15,42
14034,2001-05-31,42
12244,2009-08-19,42
109421,2013-02-07,42
11137,2004-03-28,42
51162,2011-04-13,42
10152,2003-06-13,42
9452,1998-05-15,42
239566,2014-08-01,42
53113,1998-09-18,42
9271,1995-08-04,42
4474,2006-06-20,42
184346,2014-07-01,42
48340,2011-02-03,42
14846,2004-08-06,42
72207,2012-04-27,42
16232,2004-06-15,42
43539,2010-11-18,42
9920,2006-03-03,42
8978,2005-01-19,42
11702,1998-02-06,42
18550,1996-07-19,42
8869,2002-07-17,42
43347,2010-11-22,42
3489,2007-02-14,42
9701,2005-02-12,42
2122,2004-04-07,42
37707,2009-10-06,42
10658,1986-08-01,42
13150,2008-09-09,42
9042,2005-08-25,42
17813,2003-06-16,42
11208,2004-09-03,42
58151,2011-08-18,42
11400,2005-12-25,42
10350,1999-03-11,42
28902,1999-01-15,42
14164,2009-04-01,42
76640,2013-01-12,42
11058,2004-04-30,42
14844,2004-01-09,42
57089,2011-04-29,42
1947,2005-09-09,42
8054,2009-10-01,42
46829,2010-10-26,42
146238,2013-09-24,42
9989,2001-01-12,42
9665,1989-12-15,42
311,1984-02-16,42
102362,2013-03-08,42
11162,2004-09-03,42
6016,2003-04-03,42
17186,2005-08-16,42
13967,2006-12-03,42
2008,2005-12-15,42
9053,2006-09-07,42
4512,2007-09-02,42
76349,2011-07-03,42
31203,2009-09-30,42
265208,2015-01-14,42
45610,2011-09-23,42
50135,2010-10-07,42
1874,2007-02-11,42
271331,2014-06-19,42
215211,2014-05-14,42
367961,2015-11-12,42
10955,2002-09-02,42
223702,2016-07-11,42
254470,2015-05-07,42
69,2005-09-13,42
4967,2000-04-14,42
9449,1997-12-05,42
11499,2008-10-15,42
4912,2002-12-30,42
12771,2002-08-20,42
323676,2016-04-07,42
12506,1987-11-05,42
24071,1999-09-24,42
11249,2004-11-11,42
9667,2005-03-04,42
812,1992-11-25,42
277216,2015-08-13,42
87,1984-05-23,42
14444,1998-11-20,42
2043,2001-04-06,42
315664,2016-05-06,42
1428,2003-09-11,42
562,1988-07-15,42
15373,2008-02-03,42
318846,2015-12-11,42
26320,2009-09-03,42
14292,2004-02-06,42
924,2004-03-19,42
2018,2001-01-26,42
192577,2013-09-07,42
9428,2001-10-05,42
2832,2003-04-25,42
137093,2013-10-31,42
699,1981-06-23,42
9778,2001-10-05,42
8831,1994-09-15,42
9398,2001-09-28,42
112949,2013-02-07,42
10439,1993-07-16,42
3638,2007-07-25,42
23483,2010-03-22,42
62206,2011-08-11,42
10577,2000-12-22,42
218778,2014-10-08,42
4348,2005-09-16,42
78,1982-06-25,42
11780,1995-04-13,42
192102,2014-02-14,42
2001,2007-05-25,42
10383,2000-10-13,42
11516,2001-12-12,42
10025,2006-05-12,42
15198,1999-10-01,42
23172,2010-01-15,42
17834,1997-07-11,42
10016,2001-08-24,42
10317,2015-09-11,42
58431,2016-02-04,42
9746,1997-12-25,42
13092,2008-10-02,42
59859,2013-07-17,42
13495,2006-09-01,42
254473,2014-04-22,42
700,1983-06-05,42
4964,2007-06-01,42
10024,2009-06-26,42
13490,2008-02-08,42
15927,1984-12-14,42
1259,2006-12-25,42
5125,2007-09-07,42
174,1991-12-05,42
9583,2002-06-07,42
9437,1997-10-03,42
525,1980-06-17,42
10188,2008-08-06,42
63574,2012-01-13,42
245,2002-04-26,42
9825,1999-07-15,42
186,2006-02-24,42
9549,1983-10-20,42
61891,2011-10-21,42
34584,1984-04-05,42
2666,1998-02-27,42
12783,2008-09-05,42
13155,1985-06-21,42
42807,1998-03-26,42
28355,2009-08-13,42
8080,2004-08-27,42
5126,2007-11-02,42
56288,2011-08-18,42
303858,2016-05-12,42
1613,2001-12-07,42
31582,1999-11-26,42
16617,2004-05-07,42
8944,2008-10-17,42
41488,2003-12-12,42
37028,2006-09-07,42
14560,2009-01-15,42
10330,2003-08-03,42
6957,2005-08-11,42
1934,1998-12-11,42
169917,2014-09-18,42
951,1990-12-21,42
10189,2008-08-06,42
9454,1998-07-31,42
2055,2003-08-29,42
1551,1990-08-09,42
5902,1977-06-15,42
11460,2005-08-04,42
9358,2003-01-31,42
134,2000-08-30,42
22894,2010-01-21,42
134374,2013-04-18,42
1901,2004-12-29,42
15028,2002-03-17,42
11509,1985-07-10,42
7445,2009-01-27,42
17047,2004-12-03,42
62838,2011-12-08,42
2057,2001-08-03,42
70436,2012-03-09,42
16784,2004-02-24,42
8011,1994-11-29,42
31640,1996-10-03,42
9092,1997-07-18,42
2779,2001-08-05,42
316002,2015-02-10,42
36355,1996-05-17,42
238615,2015-07-10,42
1985,2005-08-31,42
615,2004-02-25,42
788,1993-11-24,42
380,1988-12-11,42
13223,2008-12-09,42
10523,2008-10-17,42
8681,2008-02-18,42
239571,2014-10-16,42
619,1992-11-25,42
424,1993-11-29,42
50014,2011-08-09,42
162903,2013-10-11,42
11024,2004-03-24,42
208763,2014-01-30,42
6466,2003-08-15,42
254024,2014-09-06,42
12589,2001-12-21,42
7191,2008-01-15,42
1497,1991-03-22,42
117,1987-06-02,42
6977,2007-11-08,42
168530,2014-01-07,42
634,2001-04-13,42
392,2000-12-14,42
10327,2003-07-02,42
88042,2012-12-25,42
41630,2011-01-21,42
11969,1993-12-25,42
2085,2000-03-20,42
794,1976-06-06,42
9286,2006-02-10,42
77877,2012-04-19,42
1265,2007-02-16,42
866,2004-10-17,42
175555,2013-12-13,42
75174,2012-01-26,42
11096,2005-01-27,42
8699,2004-07-09,42
769,1990-09-12,42
10923,2003-03-14,42
11283,2005-10-21,42
111,1983-12-08,42
11676,1997-07-18,42
746,1987-10-21,42
77866,2012-01-12,42
9416,1997-08-22,42
7345,2007-12-28,42
14317,2002-12-20,42
20694,2003-06-13,42
12277,2002-05-31,42
9779,2005-06-01,42
2140,2001-07-06,42
12620,2008-08-22,42
14177,2005-06-02,42
198185,2014-05-09,42
227156,2014-08-11,42
10735,2003-03-27,42
11351,2003-08-08,42
10030,2007-09-21,42
10623,2003-02-28,42
590,2002-12-27,42
9655,2006-03-17,42
1268,2007-03-22,42
11237,2004-08-26,42
190955,2013-08-22,42
5123,2007-11-21,42
4518,1998-09-13,42
11932,1998-10-16,42
11165,1970-01-26,42
6116,1997-12-19,42
57431,2011-12-09,42
21724,2009-05-22,42
278,1994-09-23,42
9290,2001-04-12,42
11543,1996-07-04,42
284536,2014-12-25,42
152737,2013-12-26,42
13374,2005-03-17,42
8976,2005-04-22,42
319888,2016-02-26,42
9469,1998-05-01,42
1909,1994-10-01,42
22971,2010-02-04,42
34813,2010-04-23,42
46261,2010-11-06,42
10431,2007-08-24,42
8051,2002-10-25,42
9352,2004-02-20,42
10167,2002-11-15,42
18147,2006-12-08,42
17170,1988-04-01,42
18975,1996-07-26,42
15487,2005-09-30,42
22825,2009-09-17,42
11152,2008-04-02,42
1831,2000-03-03,42
43931,2010-10-08,42
10591,2004-04-09,42
10861,1996-09-13,42
12770,2002-09-13,42
276907,2015-09-09,42
10074,2007-08-03,42
65055,2011-09-02,42
10397,1999-12-25,42
200505,2014-04-11,42
11954,1985-06-20,42
60309,2010-09-10,42
9787,2005-06-03,42
293646,2015-08-06,42
6978,1986-05-30,42
133698,2012-10-29,42
59440,2011-09-09,42
1770,1996-10-25,42
10655,1993-10-08,42
8988,2008-03-28,42
15992,2002-10-14,42
17707,1999-08-13,42
77883,2012-08-30,42
40001,1996-04-19,42
64639,2011-09-16,42
9903,2006-10-14,42
21338,1991-05-17,42
20766,2009-11-25,42
24264,1984-08-17,42
19803,2005-09-02,42
20309,2001-03-12,42
9912,2005-10-12,42
9067,1995-03-31,42
27360,2005-04-22,42
8338,2008-05-14,42
168705,2005-10-22,42
72113,2011-09-16,42
9729,2005-10-07,42
94352,2012-11-09,42
22256,1998-09-11,42
12404,2009-11-25,42
152742,2013-01-01,42
11699,2009-09-11,42
49953,2010-08-03,42
48034,2010-10-20,42
39845,2010-06-30,42
25353,2009-04-01,42
36696,2010-03-18,42
109091,2013-10-25,42
38543,2011-03-03,42
33157,1970-10-26,42
290864,2014-10-31,42
242166,2014-03-12,42
859,1988-12-16,42
83770,2012-05-22,42
168,1986-11-25,42
1246,2006-12-20,42
4233,1997-12-09,42
174751,2016-01-01,42
184098,2014-06-20,42
2069,2000-02-18,42
1788,1984-02-17,42
11635,2003-02-21,42
177,1991-09-09,42
3600,1998-11-13,42
2621,2000-04-07,42
10358,2008-09-18,42
10480,2000-09-08,42
10313,2009-10-17,42
18828,2001-01-12,42
3558,1999-12-21,42
13476,2004-01-23,42
10208,1999-07-14,42
24961,1978-10-24,42
20697,2000-04-07,42
20761,1999-12-25,42
70868,2011-09-16,42
43593,2010-08-20,42
6478,2004-12-17,42
40688,1998-03-27,42
26672,1993-09-23,42
45881,2004-01-01,42
41283,2010-11-23,42
4935,2004-11-19,42
19908,2009-10-07,42
10663,1998-11-06,42
1891,1980-05-17,42
9737,1995-04-07,42
37137,1991-06-28,42
9532,2000-03-16,42
10316,2011-09-24,42
2787,2000-02-18,42
12658,2001-03-30,42
152601,2013-12-18,42
10866,2001-10-05,42
227707,2013-12-05,42
21349,1999-11-12,42
19150,2000-08-21,42
70435,2011-11-06,42
580,1987-07-17,42
9819,1996-12-18,42
13579,2008-08-22,42
20024,1999-12-03,42
2453,1991-08-23,42
6973,2007-08-31,42
11156,2009-04-22,42
354110,2015-09-16,42
22215,2009-02-10,42
11632,2004-09-01,42
30596,2009-12-18,42
3021,2007-07-12,42
957,1987-06-24,42
256917,2014-12-25,42
251,1990-07-12,42
544,1998-07-15,42
11395,1994-11-10,42
14635,2002-03-25,42
13680,2007-09-28,42
688,1995-05-28,42
11090,2001-06-01,42
783,1982-11-30,42
228194,2014-08-06,42
1642,1995-07-28,42
10950,2001-12-28,42
235260,2014-02-28,42
277,2003-09-19,42
8999,2005-11-11,42
11323,2009-09-18,42
10445,1993-12-25,42
11453,2005-08-06,42
146239,2013-10-10,42
205588,2016-05-05,42
10878,2001-02-09,42
82650,2012-08-02,42
10279,1999-07-02,42
2294,2001-08-22,42
2176,2001-09-14,42
270487,2016-02-05,42
19366,2001-04-06,42
204082,2013-11-27,42
24100,2000-10-27,42
1599,2004-09-10,42
5550,1993-04-17,42
30379,2001-09-07,42
42586,1970-01-01,42
17709,1999-08-27,42
287948,2015-09-03,42
7548,2004-09-16,42
9075,2006-09-01,42
11661,2005-11-09,42
109513,2012-08-22,42
12085,2008-01-17,42
204922,2014-09-03,42
38985,1977-06-24,42
44113,2010-10-07,42
21494,2007-01-31,42
164457,2013-12-06,42
4566,2007-09-28,42
17795,1996-12-20,42
1073,1999-03-19,42
153158,2013-07-18,42
81836,2012-04-20,42
10724,1982-06-13,42
9473,1999-06-30,42
2196,2007-02-09,42
1499,1993-03-17,42
20857,2001-09-14,42
82693,2012-09-08,42
1646,2007-01-05,42
44944,2010-11-05,42
4108,2002-10-02,42
8456,2008-03-04,42
7341,1999-03-11,42
19255,2009-06-05,42
10187,2008-08-01,42
31005,2002-09-09,42
49517,2011-09-16,42
44857,1999-10-22,42
50780,2011-02-11,42
16363,1982-07-23,42
1946,1999-04-14,42
85,1981-06-12,42
772,1992-11-19,42
840,1977-11-16,42
9682,2006-08-11,42
96,1987-05-18,42
10678,2003-03-07,42
274,1991-02-01,42
8872,1992-02-14,42
16290,2010-10-15,42
579,1978-06-16,42
14405,2008-10-03,42
138843,2013-07-18,42
11637,2005-01-20,42
226486,2014-07-02,42
1584,2003-10-03,42
9312,1995-08-18,42
12153,2004-06-23,42
65057,2011-09-09,42
8326,2003-04-18,42
35690,2010-03-31,42
76203,2013-10-18,42
13497,2002-12-13,42
35688,2010-04-02,42
162,1990-12-05,42
296096,2016-06-02,42
103370,2012-06-29,42
1051,1971-10-09,42
376659,2016-07-28,42
10073,2006-02-17,42
16690,2002-02-14,42
273895,2014-12-25,42
14873,2003-02-07,42
8968,2005-02-04,42
9963,2007-02-08,42
15655,2000-02-11,42
21208,2009-07-24,42
272878,2015-06-26,42
9760,2007-01-25,42
314365,2015-11-06,42
13279,2008-09-19,42
1975,2006-10-13,42
33644,1998-08-14,42
1649,1991-07-19,42
9895,2006-10-09,42
9570,1979-12-18,42
27579,2010-08-31,42
16052,1997-03-21,42
40264,2010-08-18,42
1164,2006-09-08,42
239678,2014-09-10,42
14359,2008-11-27,42
3989,2004-10-10,42
76617,2013-01-03,42
1710,1995-10-27,42
4258,2013-04-11,42
20391,1969-10-15,42
10139,2008-11-26,42
335778,2016-02-19,42
9645,2002-10-25,42
55465,2011-11-04,42
617,1998-03-20,42
19904,2009-10-16,42
48289,2010-04-11,42
243,2000-03-17,42
6933,2008-01-04,42
17182,1996-01-12,42
8848,2008-02-28,42
38,2004-03-19,42
38303,2010-09-24,42
1266,2008-04-10,42
107985,2013-07-18,42
14043,2007-06-15,42
19901,2009-01-06,42
34016,2010-03-11,42
59860,2011-07-01,42
10069,2006-03-24,42
9588,1990-10-17,42
12819,2010-09-17,42
9954,2006-09-08,42
10115,2006-04-21,42
25132,2009-08-21,42
577,1995-05-20,42
328387,2016-07-27,42
12690,2008-09-12,42
9945,1998-04-15,42
539,1960-06-16,42
13596,2008-09-19,42
226857,2014-02-12,42
13159,2007-05-11,42
47941,1981-07-31,42
526,1985-03-27,42
22796,1998-09-11,42
2355,2007-03-23,42
5915,2007-09-11,42
9842,2006-09-29,42
61012,2012-10-10,42
755,1996-01-19,42
13682,2005-02-11,42
9089,1995-11-02,42
9470,2004-02-10,42
18357,2002-07-26,42
7979,2007-10-14,42
470,2003-09-06,42
15644,2004-09-03,42
9582,2003-01-17,42
10642,2000-07-21,42
22074,2009-09-06,42
2428,1965-02-15,42
290751,2015-10-14,42
13805,2008-08-29,42
4597,2009-12-04,42
9414,1997-11-14,42
63492,2011-09-30,42
81796,2012-04-12,42
10710,2004-04-30,42
15092,2009-04-16,42
11382,1994-10-14,42
15005,2006-10-13,42
8198,2002-11-22,42
6963,2005-10-20,42
15070,2002-08-23,42
12797,2008-09-19,42
17134,2009-03-19,42
41402,2010-10-01,42
18885,1994-05-06,42
4953,2008-01-20,42
10773,2005-09-09,42
146198,2016-02-19,42
2639,1997-08-26,42
10563,1999-10-22,42
295964,2015-10-02,42
5971,1989-12-15,42
9716,1996-12-06,42
11835,2007-08-31,42
26171,2009-12-04,42
31117,2004-08-27,42
9074,2005-09-08,42
14396,2007-01-05,42
15673,2004-04-16,42
42618,1969-01-01,42
171274,2014-12-25,42
24432,2006-02-24,42
109417,2013-09-21,42
13948,2008-10-03,42
106747,2013-09-12,42
10929,2003-03-14,42
14220,2008-02-01,42
46435,1999-09-03,42
256962,2015-04-23,42
48231,2011-09-30,42
3509,2006-05-25,42
82684,2012-10-25,42
12142,2005-01-28,42
23367,2009-08-06,42
10740,2004-09-08,42
241239,2014-12-30,42
14582,2008-10-17,42
14914,2008-09-07,42
3902,2007-10-01,42
77948,2012-04-04,42
21755,2008-09-09,42
4960,2008-10-24,42
128,1997-07-12,42
14652,2003-04-16,42
40932,1980-06-20,42
16608,2005-10-06,42
334531,2015-11-13,42
32316,2003-08-22,42
7299,2002-12-06,42
13405,2008-07-03,42
19457,2000-04-27,42
112937,2012-08-29,42
314385,2015-11-12,42
8953,2004-07-17,42
29078,2005-01-01,42
46503,2010-12-03,42
10448,1994-09-09,42
13688,2008-01-30,42
10353,1998-02-11,42
43935,2011-03-16,42
11458,2002-11-21,42
44638,2010-12-10,42
241257,2015-10-01,42
14538,2008-04-03,42
13250,2007-07-27,42
133931,2012-06-05,42
280871,2014-07-11,42
239897,2014-01-24,42
184341,2016-08-26,42
334074,2015-05-21,42
199373,2013-07-18,42
14202,2006-12-09,42
6968,2008-09-24,42
581,1990-11-09,42
52449,2011-05-16,42
12150,1989-09-15,42
11247,2004-07-10,42
4232,1996-12-20,42
9378,2001-10-26,42
694,1980-05-22,42
105,1985-07-03,42
11377,1999-10-29,42
26367,2009-09-11,42
385383,2016-07-22,42
41210,2010-05-11,42
12090,2003-01-09,42
62630,2011-02-11,42
16110,2000-07-26,42
29427,2010-02-26,42
129,2001-07-20,42
244114,2013-12-12,42
2669,1984-05-04,42
203833,2013-11-08,42
13523,2008-10-16,42
25195,2010-01-08,42
17277,1964-03-24,42
50725,2011-03-04,42
82631,2012-09-28,42
73191,1993-11-24,42
22479,1996-08-16,42
340611,2016-07-29,42
10065,2005-04-15,42
2757,2002-12-06,42
11683,2005-06-24,42
244339,2013-03-10,42
1878,1998-05-22,42
23082,2009-09-13,42
195589,2014-05-08,42
854,1994-07-29,42
2280,1988-06-03,42
496,2006-11-01,42
8835,2001-07-13,42
157,1984-05-31,42
8643,2005-09-09,42
10402,1999-12-10,42
218043,2014-10-03,42
9043,2005-12-14,42
21301,2004-01-20,42
10147,2003-11-26,42
816,1997-05-02,42
302688,2016-03-23,42
60307,2011-03-25,42
106,1987-06-11,42
279,1984-10-26,42
8617,2008-04-10,42
10625,2004-04-30,42
10934,2003-04-30,42
5279,2001-11-07,42
10013,1986-10-05,42
194662,2014-08-27,42
160588,2013-07-25,42
9829,2006-04-28,42
10028,2003-11-24,42
10535,1996-05-24,42
790,1980-02-08,42
43959,2011-04-08,42
10364,1970-06-24,42
16991,2009-04-10,42
9610,1984-06-29,42
1578,1980-11-14,42
25643,2009-09-18,42
11904,1985-12-04,42
28665,2009-01-01,42
44115,2010-11-05,42
10569,2000-05-19,42
10560,2000-05-12,42
333348,2015-11-12,42
20483,2004-02-06,42
11457,2001-10-25,42
321697,2015-10-09,42
19840,2009-07-10,42
22327,2009-09-11,42
38665,1981-08-20,42
2575,2001-02-11,42
11644,1981-07-24,42
146227,2013-08-29,42
68924,1997-09-27,42
253235,2014-07-20,42
22102,1989-03-22,42
18701,2004-09-03,42
10068,1986-02-14,42
848,1981-06-26,42
36811,2009-09-04,42
522,1994-09-27,42
130150,2013-12-27,42
12246,2007-09-20,42
13809,2008-09-04,42
27380,1982-06-25,42
10549,1996-12-25,42
33870,2009-10-01,42
245703,2016-02-18,42
10739,2003-08-27,42
127560,2013-12-26,42
37903,2009-05-21,42
396152,2016-05-03,42
10017,1986-11-21,42
11468,2002-01-01,42
193613,2013-09-25,42
17436,2008-11-05,42
43434,2010-05-19,42
31166,2009-05-14,42
69848,1999-08-02,42
8408,1985-07-19,42
332411,2016-04-14,42
9389,2006-03-16,42
9626,1985-04-09,42
75638,2012-03-02,42
8363,2007-08-17,42
15670,2009-02-16,42
290555,2014-08-28,42
8328,2008-02-14,42
10982,2005-12-16,42
205,2004-09-11,42
1620,2007-11-21,42
175541,2013-11-27,42
241254,2014-08-22,42
31932,2002-01-01,42
1933,2001-08-02,42
679,1986-07-18,42
11113,1964-10-21,42
3597,1997-10-17,42
193893,2014-08-13,42
9675,2004-10-22,42
9988,2006-08-25,42
948,1978-10-25,42
21765,2003-10-10,42
146304,2013-11-15,42
7516,2006-12-09,42
41439,2010-10-21,42
2752,2002-03-01,42
9429,1998-10-01,42
38117,2011-01-21,42
9792,2006-03-10,42
13778,2003-09-05,42
228203,2015-02-20,42
41382,2010-08-20,42
13960,2006-03-31,42
114150,2012-09-28,42
26602,2001-08-22,42
10223,1998-12-11,42
16028,2002-11-01,42
15639,2006-03-24,42
16112,1999-10-01,42
26390,2009-01-16,42
27759,1963-05-06,42
109428,2013-04-05,42
23049,2009-02-06,42
9310,2006-03-04,42
11411,1987-07-23,42
16988,2008-01-25,42
7304,2006-01-06,42
24747,2004-04-30,42
58048,1986-08-29,42
1491,2006-08-18,42
2989,1981-11-12,42
10629,2003-07-11,42
255343,2014-10-11,42
4723,2006-05-15,42
10800,2008-03-19,42
25763,1977-09-10,42
79694,2012-08-23,42
4032,1991-11-27,42
18615,2006-08-30,42
10673,1987-12-10,42
4584,1995-12-13,42
2977,2007-03-02,42
10760,2007-09-21,42
11093,2003-12-19,42
207,1989-06-02,42
8467,1994-12-16,42
639,1989-07-21,42
24226,1982-12-08,42
9285,2000-05-19,42
14709,1999-01-15,42
74643,2011-05-15,42
13788,2009-01-09,42
83666,2012-05-16,42
10781,2006-10-06,42
318850,2016-03-10,42
13908,2002-08-02,42
1417,2006-05-27,42
39180,2001-03-02,42
16161,2001-06-27,42
49950,2011-02-04,42
10956,2001-04-10,42
9594,1991-08-10,42
4638,2007-02-14,42
13972,2008-09-12,42
5038,2008-08-15,42
13491,2007-12-17,42
10571,2000-06-16,42
10994,2002-10-11,42
19994,2009-09-18,42
25166,2000-03-03,42
30890,1987-01-30,42
23169,2010-03-12,42
17403,2003-07-18,42
12120,1988-12-09,42
9800,1993-12-22,42
1090,1999-04-16,42
18475,2004-09-03,42
40160,1979-10-19,42
18074,2000-09-09,42
9689,2002-05-03,42
9781,1999-08-13,42
8009,1986-03-07,42
3877,2007-09-26,42
8854,1997-08-15,42
152599,2013-07-03,42
18840,2005-10-30,42
68727,2013-03-27,42
12657,2004-05-28,42
8265,2008-01-09,42
12410,2008-12-11,42
34647,2009-05-05,42
73935,2012-08-25,42
28178,2009-06-13,42
185567,2013-12-04,42
264656,2014-05-18,42
35696,2002-06-21,42
16351,2002-05-20,42
38717,2001-01-23,42
18777,2005-09-12,42
2110,2001-10-31,42
9035,2006-03-31,42
90,1984-11-29,42
771,1990-11-09,42
12154,1987-11-27,42
9576,1982-12-16,42
744,1986-05-16,42
146,2000-10-01,42
14,1999-09-15,42
45269,2010-09-06,42
9493,1988-12-09,42
22556,2008-12-17,42
873,1985-12-18,42
33196,2009-06-06,42
205596,2014-11-14,42
10765,1980-10-06,42
16769,1980-03-07,42
33217,2010-03-19,42
132232,2013-01-17,42
11153,1983-07-28,42
208134,2013-10-22,42
1165,2006-09-15,42
4011,1988-02-29,42
17202,2007-10-12,42
9587,1994-12-21,42
65086,2012-02-01,42
10053,2006-02-03,42
11870,2002-02-08,42
11778,1978-12-08,42
586,1997-12-25,42
18736,2003-04-25,42
134411,2013-02-21,42
287903,2015-11-26,42
9276,1998-12-25,42
15765,1993-06-09,42
2142,1997-08-15,42
11397,2001-12-07,42
77016,2012-09-20,42
11478,2000-03-31,42
266856,2014-11-26,42
13411,2003-04-10,42
10564,2000-04-27,42
947,1962-12-10,42
24150,2009-08-28,42
228970,2014-12-05,42
18405,2009-03-13,42
6961,2005-02-04,42
11442,2002-07-01,42
2493,1987-09-18,42
14047,2007-12-27,42
64690,2011-08-06,42
11132,2004-02-17,42
17127,1998-04-17,42
1562,2007-04-26,42
232679,2014-08-22,42
17880,2005-02-18,42
14736,2000-04-21,42
9434,1997-04-11,42
23706,2009-09-04,42
11531,2000-10-27,42
9100,1996-05-03,42
116,2005-10-26,42
38843,2010-07-23,42
1245,1993-11-05,42
4995,1997-09-11,42
10413,1993-01-15,42
14012,2006-10-20,42
9793,2007-03-22,42
12212,2000-09-19,42
13768,2002-10-11,42
8975,2006-10-13,42
342521,2016-04-21,42
45272,2010-12-22,42
9424,1998-07-24,42
97367,2013-03-20,42
254904,2014-08-27,42
18681,1999-09-04,42
12162,2008-10-10,42
11495,1984-05-11,42
64689,2012-09-20,42
157849,2014-07-25,42
13166,2001-04-18,42
15511,2008-01-11,42
37003,2007-05-19,42
12211,2000-09-01,42
13816,2006-08-25,42
51828,2011-03-02,42
22798,2009-09-13,42
7501,2001-09-07,42
10743,2003-04-25,42
37718,1999-08-27,42
15237,2004-07-02,42
9686,1989-03-10,42
17644,1998-01-01,42
97430,2012-11-02,42
12257,1998-11-25,42
13539,2000-03-23,42
68,1985-02-20,42
14024,2004-08-10,42
115,1998-03-06,42
7874,2006-12-08,42
4911,2002-12-14,42
1988,2007-01-01,42
16222,2000-03-31,42
9557,2002-10-01,42
9026,2002-05-17,42
57943,1998-02-01,42
18276,2006-05-05,42
8321,2008-02-08,42
72359,2013-05-09,42
10186,2008-08-20,42
25704,2009-08-21,42
133694,2012-09-23,42
19265,2009-06-19,42
36047,2000-07-19,42
8053,2005-11-17,42
2290,1999-09-16,42
5236,2005-09-05,42
6552,1999-04-30,42
1018,2001-05-16,42
10075,2007-01-26,42
38031,2010-05-23,42
42188,2010-09-15,42
112430,2007-08-05,42
6687,2008-01-18,42
13853,1986-01-17,42
31306,1999-10-22,42
8461,2007-10-20,42
331592,2015-09-11,42
47692,1999-11-24,42
19,1927-01-10,42
10045,2004-11-09,42
400,1995-12-01,42
253450,2015-08-27,42
9104,2001-09-08,42
11190,2003-06-25,42
16353,2008-12-04,42
23759,2010-02-15,42
24206,1996-06-26,42
10185,2008-08-07,42
75033,2011-09-16,42
74536,2011-11-04,42
31668,2001-10-14,42
13501,2007-01-25,42
15208,2008-07-04,42
172391,2013-07-18,42
262543,2014-10-09,42
9288,2005-01-01,42
370980,2015-12-03,42
20083,2009-03-22,42
40880,2001-06-29,42
137,1993-02-11,42
264999,2015-07-01,42
454,1996-10-31,42
53457,2010-09-16,42
288980,2014-08-21,42
33,1992-08-07,42
1951,2005-05-16,42
12405,2008-05-12,42
10998,1987-09-11,42
114,1990-03-23,42
9396,1988-05-19,42
319910,2015-03-15,42
2604,1989-12-20,42
864,1993-09-30,42
14435,2009-01-16,42
1931,2007-05-16,42
691,1977-07-07,42
9877,1998-09-25,42
62008,2012-02-23,42
12227,1991-01-18,42
13824,1999-10-08,42
71688,2011-12-30,42
15173,2002-10-04,42
8291,1993-07-23,42
13950,2002-03-08,42
12158,1995-10-27,42
11586,1977-06-17,42
10008,2005-05-05,42
2830,2003-08-21,42
12403,2009-06-08,42
34563,2010-03-12,42
14557,1998-08-21,42
10368,1999-03-25,42
10280,1996-10-25,42
12637,1977-06-21,42
34152,1994-05-13,42
14434,2007-03-16,42
11470,2001-07-24,42
10741,2006-09-05,42
24940,2001-02-02,42
82679,2012-10-25,42
2013,2007-05-22,42
1440,2006-10-06,42
18041,2000-04-21,42
28029,1999-01-29,42
1123,2006-10-27,42
14033,2001-09-06,42
87729,1995-03-31,42
16899,2008-01-01,42
41317,1978-11-02,42
245700,2014-10-31,42
37842,2009-05-20,42
9045,2002-02-13,42
44092,2010-09-01,42
16005,2008-09-26,42
44754,2011-09-30,42
23988,2009-10-27,42
43949,2010-08-06,42
142,2005-09-02,42
9603,1995-07-19,42
10712,2002-09-01,42
243938,2015-02-20,42
10876,2000-11-22,42
86838,2012-09-07,42
25208,2001-01-19,42
613,2004-09-08,42
1913,2004-09-03,42
97370,2014-03-14,42
801,1987-12-23,42
70829,2010-12-29,42
54518,2011-02-11,42
44214,2010-12-02,42
240,1974-12-20,42
9816,2001-01-12,42
10131,1988-08-19,42
339984,2016-03-17,42
8859,2000-12-15,42
11967,1988-08-12,42
239563,2014-10-09,42
222899,2014-02-14,42
4951,1999-03-30,42
10985,2002-05-10,42
9644,1993-02-04,42
332567,2016-06-24,42
1954,2004-01-22,42
15489,2000-02-11,42
15250,2007-11-27,42
22345,1999-03-12,42
9448,1998-04-24,42
38223,1996-07-10,42
11186,1990-11-09,42
136835,2014-09-10,42
5876,2007-11-21,42
264660,2015-01-21,42
492,1999-09-30,42
25462,2001-09-07,42
238603,2014-06-14,42
10691,2001-06-29,42
1251,2006-12-19,42
5172,2006-10-15,42
58680,1998-05-08,42
264644,2015-10-16,42
14577,1998-06-12,42
11592,1994-04-13,42
16406,1999-08-04,42
19052,1999-11-04,42
3682,1998-08-28,42
9683,2001-08-24,42
2084,2001-09-06,42
107811,2013-03-01,42
2266,2006-05-16,42
13074,2007-06-14,42
144340,2013-03-21,42
48217,2000-01-01,42
28211,2009-03-25,42
47502,1996-04-03,42
9950,2006-03-16,42
84892,2012-09-20,42
24227,1993-05-14,42
9672,2006-11-16,42
44853,2000-12-29,42
157544,2015-07-24,42
59678,2011-05-12,42
79777,2011-12-23,42
158011,2013-03-14,42
407887,2016-07-27,42
17043,2002-07-26,42
8952,2009-01-18,42
62204,1981-12-15,42
13435,2002-12-19,42
17187,2002-11-22,42
319,1993-09-09,42
59457,2010-07-15,42
9504,1992-09-15,42
37414,2010-02-19,42
6217,1982-04-02,42
26688,2009-09-09,42
43867,1937-09-03,42
6615,2007-10-12,42
14574,2008-05-07,42
16,2000-05-17,42
39780,1997-12-31,42
21612,1996-01-26,42
36691,2009-09-07,42
23631,2010-09-01,42
45324,2010-09-16,42
12144,1988-11-18,42
11658,2004-02-05,42
56601,2010-04-01,42
9552,1973-12-26,42
578,1975-06-18,42
2105,1999-07-09,42
126319,2012-12-12,42
10136,1986-12-12,42
67660,2012-04-16,42
10611,2002-04-01,42
154,1982-06-03,42
3049,1994-02-04,42
860,1983-06-03,42
9281,1985-02-08,42
75674,2012-02-24,42
9762,2006-08-11,42
3179,1996-12-15,42
184,1997-12-24,42
13335,2008-04-25,42
76726,2012-02-01,42
10269,1983-11-18,42
36819,1981-07-13,42
17130,2002-02-15,42
57214,2012-03-01,42
11202,1970-01-25,42
9357,2002-08-21,42
13812,2008-10-10,42
9030,2008-02-01,42
19084,2004-04-07,42
8386,2001-12-21,42
10437,1992-12-10,42
1360,2002-08-29,42
101267,2012-06-28,42
222935,2014-05-16,42
10220,1998-09-11,42
284296,2014-12-12,42
31915,1979-01-01,42
11601,1999-09-10,42
205220,2013-11-01,42
11354,2005-01-23,42
16241,1978-10-05,42
14191,2006-03-03,42
286565,2015-06-18,42
26710,2004-01-09,42
129670,2013-09-21,42
9059,1995-01-13,42
34549,2001-10-05,42
57157,2011-12-16,42
1948,2006-08-31,42
28353,1997-08-06,42
46889,1998-10-30,42
38093,2010-05-14,42
14976,2008-10-03,42
11027,1981-03-20,42
3635,2003-08-31,42
387,1981-09-16,42
6020,2002-03-22,42
122906,2013-08-16,42
9550,2004-05-19,42
60599,2012-09-14,42
227719,2015-01-30,42
14299,2008-12-05,42
19419,2000-05-12,42
12088,1992-09-30,42
14799,2006-11-22,42
9466,1998-09-07,42
7510,2006-10-27,42
31246,2003-06-20,42
61752,1996-03-22,42
10944,2003-09-09,42
10362,2008-11-19,42
14778,2001-09-10,42
1255,2006-07-27,42
45226,1981-11-13,42
10212,1999-03-16,42
8669,2008-02-22,42
179144,2013-05-21,42
16857,2002-06-14,42
86825,2013-02-28,42
844,2004-05-20,42
8060,2007-09-12,42
15907,2005-04-22,42
38448,2009-09-14,42
327,2000-09-09,42
9260,2002-05-24,42
61337,1997-10-31,42
13079,2007-09-08,42
89325,2012-04-20,42
4170,2007-01-23,42
41508,2005-02-10,42
12479,1999-02-13,42
44555,2009-12-11,42
10133,2002-10-01,42
21345,2009-04-22,42
173931,2011-01-01,42
61984,2010-12-01,42
50601,2011-04-14,42
26466,2009-10-16,42
345003,2015-11-20,42
236751,2014-04-16,42
107,2000-09-01,42
357837,2015-10-16,42
8913,1989-04-21,42
13889,1993-04-17,42
18530,2009-02-07,42
358451,2015-08-28,42
927,1984-06-07,42
11,1977-05-25,42
291870,2016-01-21,42
907,1965-12-22,42
206563,2014-10-09,42
11887,2008-10-22,42
45317,2010-12-17,42
12094,2006-09-22,42
10377,1992-03-13,42
249164,2014-08-21,42
256092,2014-05-26,42
9942,1989-02-16,42
10748,2007-12-21,42
1817,2002-09-09,42
10229,2002-01-25,42
687,1995-12-29,42
796,1999-03-05,42
22804,2009-10-22,42
10156,1981-06-12,42
12837,2008-09-17,42
17708,2001-10-12,42
13937,1992-08-07,42
28932,1978-04-26,42
31909,1986-01-01,42
167073,2015-10-20,42
3175,1975-12-18,42
14369,2001-11-21,42
16888,2000-10-13,42
121826,2012-09-08,42
10646,2001-03-30,42
12149,2001-11-17,42
304357,2015-04-10,42
11184,2004-09-04,42
766,1992-10-09,42
20009,2002-02-01,42
1587,1993-12-17,42
30973,2003-09-11,42
11109,2004-10-22,42
9027,2002-08-21,42
63020,1995-05-12,42
86829,2013-10-06,42
11065,2001-08-31,42
13888,1991-08-02,42
42345,1970-01-27,42
13994,2005-09-13,42
1590,2006-09-10,42
62728,2010-09-13,42
11917,2008-10-23,42
45138,1969-04-01,42
80271,2012-02-10,42
4657,2006-07-20,42
14395,2006-08-11,42
24137,1999-04-15,42
190847,2013-08-11,42
11056,2002-10-02,42
62,1968-04-10,42
601,1982-04-03,42
13067,2007-04-16,42
25379,2004-02-20,42
88641,1994-09-02,42
58051,2010-04-30,42
14877,2007-05-17,42
96399,2012-06-01,42
304410,2014-12-17,42
489,1997-12-05,42
373314,2016-02-05,42
214,2006-10-27,42
10890,1981-06-25,42
1588,2000-08-25,42
316727,2016-06-29,42
10314,1999-01-29,42
663,2007-10-25,42
11804,2005-01-07,42
16781,2006-02-24,42
11873,1986-10-07,42
9289,1962-09-25,42
10414,1992-10-01,42
1970,2004-10-22,42
9614,1996-02-16,42
8922,2001-07-01,42
1648,1989-02-17,42
17917,1968-09-26,42
74534,2011-11-28,42
19405,2001-01-27,42
9355,1985-06-29,42
10999,1985-10-03,42
321258,2016-01-22,42
44040,2010-01-13,42
10426,2002-11-22,42
280092,2015-06-04,42
13938,1985-03-22,42
10163,1992-03-05,42
12182,2008-10-03,42
1832,1999-11-12,42
9034,2002-09-20,42
15301,1983-06-24,42
10135,1989-05-19,42
26352,1994-11-23,42
20616,2002-09-06,42
9794,2006-10-06,42
15037,1998-06-12,42
227,1983-03-25,42
294272,2016-08-10,42
11336,1983-10-21,42
283445,2015-08-19,42
88036,2012-08-17,42
10984,2001-02-01,42
22824,2009-11-06,42
9526,2006-06-09,42
39349,1994-02-25,42
15983,1985-09-27,42
14544,2005-09-23,42
11545,1998-09-17,42
42684,2010-11-11,42
268238,2015-02-26,42
8359,2008-07-02,42
15648,2005-06-17,42
41823,1990-08-03,42
11891,2002-01-25,42
9362,1990-01-19,42
9902,2003-05-30,42
14729,1980-05-12,42
9455,1999-03-12,42
103731,2013-05-01,42
10090,2007-02-23,42
164558,2013-08-28,42
19905,2009-08-14,42
17710,2002-06-28,42
75900,2011-10-17,42
9515,2005-05-12,42
27322,1997-03-14,42
328425,2015-07-30,42
14120,2005-12-02,42
10050,2001-03-08,42
1542,1999-02-19,42
10490,1999-07-23,42
87093,2014-12-24,42
10029,1998-09-11,42
9893,2004-07-09,42
11507,1984-10-25,42
37931,2010-05-21,42
3472,2002-09-05,42
87818,2013-01-01,42
13160,2008-02-01,42
88005,2012-06-22,42
52067,2011-02-11,42
73,1998-10-30,42
134597,2012-09-21,42
24034,2004-01-16,42
14283,1998-09-10,42
404,1999-10-15,42
13201,2002-05-03,42
209403,2013-09-06,42
7942,2007-09-06,42
73247,1981-12-18,42
253331,2014-09-06,42
34043,2001-10-26,42
9952,2006-09-09,42
256924,2015-03-19,42
82532,2011-09-13,42
41110,2009-09-05,42
134371,2012-10-12,42
2088,1993-09-13,42
10388,1999-05-15,42
1640,2004-01-13,42
25520,2000-09-23,42
27342,1987-05-01,42
13689,2006-03-30,42
67911,2011-09-09,42
24664,2000-10-06,42
329440,2016-01-07,42
47890,1981-02-11,42
252512,2015-04-03,42
55720,2011-06-24,42
9613,2002-12-13,42
29076,2000-02-04,42
29339,2002-12-27,42
68812,2012-09-01,42
32740,2006-06-23,42
14195,2000-05-17,42
73567,2011-09-10,42
41479,2009-09-13,42
15394,2003-05-02,42
10071,2007-09-07,42
1989,2007-05-16,42
91076,1998-05-21,42
12779,2002-10-11,42
13191,2008-04-28,42
11770,2001-07-12,42
12703,2004-08-27,42
64559,1997-10-15,42
222649,2014-11-07,42
115872,1997-10-10,42
101173,2011-02-14,42
25350,2004-09-14,42
10034,2001-07-16,42
20178,2009-08-20,42
5072,2006-05-19,42
18191,2005-08-31,42
31007,2010-10-29,42
11546,1994-06-09,42
41894,2010-02-01,42
184374,2013-05-03,42
268171,2014-03-07,42
78149,1998-02-20,42
24663,2009-02-07,42
39037,2009-04-25,42
22805,2009-01-21,42
39055,2008-12-24,42
245846,2015-07-01,42
25186,2009-10-16,42
15017,2007-12-21,42
12245,2008-01-18,42
49787,2010-05-15,42
16358,2004-10-15,42
7006,2007-01-05,42
66767,2011-06-10,42
17622,2008-09-10,42
283671,2014-08-07,42
18516,2008-08-08,42
217708,2013-08-30,42
42057,2010-05-07,42
17577,2009-05-26,42
14608,2007-02-02,42
34417,2010-03-09,42
15067,2008-07-16,42
78383,2013-09-28,42
43090,2010-04-30,42
16614,2009-04-03,42
9700,2005-09-03,42
10471,2000-01-12,42
250066,2014-09-11,42
667,1967-06-12,42
208869,2014-04-30,42
86837,2012-07-01,42
10306,1988-06-10,42
106845,2015-10-16,42
11576,1963-11-07,42
219,2006-03-16,42
11827,1981-08-07,42
22820,2009-09-30,42
31174,1995-12-29,42
244316,2015-02-27,42
37737,2010-05-21,42
62215,2011-05-26,42
66125,2011-08-04,42
132316,2012-11-13,42
348,1979-05-25,42
30497,1974-10-01,42
27586,2010-03-19,42
14811,1971-11-03,42
660,1965-12-16,42
68684,2011-03-16,42
40794,2010-02-12,42
9400,1996-11-06,42
16162,1999-10-22,42
10585,1988-11-08,42
2359,2007-05-18,42
238636,2014-07-17,42
10472,2000-01-21,42
11282,2004-05-30,42
6521,2000-10-13,42
14181,2000-02-18,42
1621,1983-06-07,42
9656,2006-12-25,42
16428,2004-05-14,42
10705,1989-10-05,42
8272,2007-01-19,42
24621,2003-04-16,42
1619,2000-09-08,42
9685,2002-09-13,42
14425,1994-04-29,42
14624,2006-10-20,42
10179,1984-03-16,42
15568,2007-06-01,42
14057,2005-09-01,42
12621,2008-01-21,42
1808,1998-10-23,42
293670,2016-05-12,42
67675,2011-08-11,42
27329,2001-08-17,42
29514,1990-01-25,42
250349,2014-04-30,42
12454,2002-05-17,42
39806,2010-05-14,42
15699,2006-11-22,42
8883,2008-03-25,42
17926,2005-08-26,42
291081,2009-02-28,42
41248,2009-03-18,42
25968,2009-05-16,42
9671,1986-09-26,42
52010,2010-12-10,42
11588,2004-01-15,42
43418,2010-04-15,42
71157,2011-10-06,42
13483,2007-11-28,42
333355,2005-03-21,42
327833,2014-11-07,42
1547,1987-07-31,42
25196,2009-12-16,42
16323,1979-11-07,42
175528,2013-09-27,42
8069,1968-10-10,42
71805,1990-10-03,42
9451,1999-04-23,42
16727,2006-09-02,42
272693,2015-02-20,42
10696,2001-09-21,42
150202,2013-02-01,42
19644,2003-12-24,42
29963,2009-11-05,42
26022,2010-02-12,42
152747,2013-10-18,42
62676,1999-06-04,42
20360,2007-03-27,42
1116,2006-05-18,42
185008,2013-05-31,42
11620,1951-11-08,42
14353,2008-07-18,42
11818,2006-02-03,42
680,1994-10-08,42
11176,1979-05-31,42
242582,2014-10-23,42
11217,2004-02-27,42
15121,1965-03-02,42
2619,1984-03-09,42
773,2006-07-26,42
235,1986-08-22,42
170,2002-10-31,42
14114,2004-01-30,42
10734,1979-06-22,42
37964,2002-10-05,42
28121,1996-04-04,42
40807,2011-09-30,42
10885,2008-03-21,42
225565,2014-01-29,42
16471,1981-12-25,42
385736,2016-09-09,42
11971,1993-05-07,42
668,1969-12-12,42
11596,1994-10-13,42
14429,1999-10-01,42
13751,2006-04-28,42
9490,1998-01-16,42
14536,2009-01-30,42
1359,2000-04-13,42
9962,2002-01-12,42
15049,2006-07-06,42
22821,2009-11-24,42
42819,2009-03-21,42
209263,2013-09-18,42
37735,2010-09-10,42
59930,1994-04-22,42
10873,2000-05-15,42
51588,2011-04-29,42
23570,1996-05-03,42
19489,1999-10-08,42
14629,2000-09-22,42
8293,1992-03-13,42
291270,2015-12-30,42
44009,2010-11-05,42
1958,2002-01-08,42
13154,1991-08-23,42
26618,1998-09-25,42
43923,2010-07-06,42
46138,2010-09-11,42
45791,2007-10-05,42
26306,1997-01-24,42
110683,1983-04-21,42
26963,2009-02-09,42
198277,2013-09-07,42
7870,2005-05-13,42
13072,2007-04-30,42
153397,2012-12-07,42
30141,2003-10-24,42
17044,1998-09-25,42
10288,2006-09-07,42
12183,2005-08-03,42
44147,2010-06-17,42
12192,2008-04-11,42
36597,2009-01-18,42
13197,2006-02-19,42
10913,2005-01-22,42
251321,2014-02-12,42
149,1988-07-16,42
10425,2007-07-23,42
49081,2005-10-25,42
256687,2014-04-20,42
220488,2013-09-17,42
1544,2005-02-01,42
374461,2016-09-16,42
302,2003-05-18,42
182873,2013-01-01,42
21512,1989-10-19,42
389425,2016-05-06,42
403,1989-12-13,42
29461,1997-09-26,42
33542,1995-01-30,42
283708,2014-08-30,42
9388,2005-09-05,42
1691,2007-06-08,42
24684,2009-10-29,42
2610,2005-10-21,42
11308,1984-03-09,42
11022,2002-01-14,42
34341,2002-09-20,42
15365,2008-02-22,42
36046,2004-11-24,42
12569,2009-09-03,42
24356,2003-08-08,42
55903,2001-09-01,42
2577,2003-09-02,42
103903,2012-04-27,42
73873,2011-12-21,42
312113,2012-12-07,42
14165,2007-04-27,42
2011,2007-05-23,42
45650,2009-09-09,42
7735,2008-03-11,42
301365,2016-06-08,42
25941,2009-11-11,42
29064,1999-10-15,42
7326,2007-12-05,42
326284,2015-05-07,42
681,1971-12-13,42
238,1972-03-14,42
535,1983-04-14,42
19913,2009-07-17,42
713,1993-05-19,42
77930,2012-06-28,42
10727,2003-01-24,42
253,1973-07-05,42
17908,2000-01-14,42
8390,2008-02-08,42
57119,2011-05-06,42
3291,2005-09-16,42
398,2005-09-30,42
8068,1995-08-25,42
10803,1976-06-23,42
682,1974-12-01,42
10117,1988-02-12,42
9392,2005-07-08,42
24977,2000-05-05,42
79316,2014-01-08,42
2074,1996-03-22,42
1696,2005-07-22,42
308639,2015-06-19,42
22314,1999-08-25,42
2662,2003-04-11,42
77156,1978-11-22,42
12573,2009-10-02,42
44718,2010-01-22,42
11342,1989-06-01,42
241771,2014-09-10,42
34653,2009-10-19,42
11051,1988-08-12,42
14578,1999-08-16,42
57825,2004-02-11,42
9555,2002-02-04,42
15581,2007-07-27,42
13006,1992-05-01,42
16651,2001-04-12,42
4251,2004-11-12,42
12400,2008-04-07,42
39053,2010-06-18,42
104896,1999-08-27,42
14112,2002-10-18,42
12271,2006-12-29,42
71859,2011-09-28,42
226354,2013-11-22,42
48620,2009-10-21,42
33676,1983-04-08,42
37080,2009-11-07,42
25388,1977-09-08,42
11687,1993-01-27,42
39210,2010-09-03,42
30128,2009-09-25,42
31535,1998-03-13,42
44835,2010-01-22,42
192134,2013-11-15,42
1956,2002-01-12,42
24985,2002-01-01,42
306745,2015-10-02,42
47088,2010-08-01,42
110402,2013-02-27,42
27004,2010-01-01,42
15013,2005-08-17,42
8374,1999-01-22,42
277519,2014-06-19,42
78381,2011-09-10,42
164372,2012-10-11,42
294512,2014-07-21,42
8879,1985-06-28,42
13001,2008-03-11,42
9571,1993-09-24,42
13649,2007-08-17,42
325373,2016-10-02,42
334527,2015-11-20,42
2211,1999-02-10,42
13919,2005-06-08,42
14576,2003-05-18,42
82505,2012-09-21,42
46738,2010-09-04,42
38970,2003-02-11,42
41009,2009-09-11,42
7347,2007-10-12,42
250546,2014-10-02,42
38415,2009-08-09,42
650,1991-07-12,42
16620,1987-07-24,42
25113,1981-05-22,42
11033,1980-06-25,42
34723,1993-04-02,42
9430,1999-04-09,42
8998,2006-09-07,42
10514,1971-03-12,42
10496,1999-10-22,42
1591,2001-12-11,42
76025,2011-10-02,42
4836,2004-09-30,42
14631,2005-10-21,42
87499,2013-05-31,42
18923,2004-07-23,42
26665,2000-07-05,42
28089,2009-11-13,42
62255,2010-05-20,42
5708,2007-09-26,42
218,1984-10-26,42
338,2003-02-09,42
21641,2009-03-27,42
10925,1985-05-15,42
2293,1995-10-20,42
621,1978-07-07,42
792,1986-12-18,42
1777,2004-06-25,42
642,1969-09-23,42
433,1964-08-27,42
16619,1980-09-19,42
1725,1961-10-18,42
11977,1980-07-25,42
20322,2001-03-23,42
16158,1999-07-16,42
629,1995-07-19,42
10160,1989-08-11,42
11452,2002-03-29,42
12163,2008-09-07,42
32275,1946-12-31,42
13785,2000-09-19,42
1103,1981-05-22,42
36739,1988-02-12,42
14144,2007-08-08,42
10622,1997-01-31,42
13370,2003-04-16,42
11191,1988-10-13,42
10215,1998-04-23,42
25066,1995-05-24,42
1523,2006-09-01,42
11361,1989-10-12,42
92591,2012-04-27,42
57612,2008-02-15,42
12509,2000-09-06,42
15256,1999-02-26,42
83686,2012-09-07,42
80304,2012-03-15,42
28053,2009-03-06,42
67913,2011-07-07,42
13991,2008-08-28,42
1443,1999-04-21,42
8545,1998-11-05,42
19556,2009-03-13,42
231576,2014-01-18,42
16172,1999-02-05,42
13403,2001-07-20,42
15797,1993-08-27,42
347764,2015-08-31,42
13537,2003-11-14,42
20794,2001-11-23,42
31064,2001-01-19,42
576,1969-06-17,42
13990,2008-07-03,42
11583,1979-01-25,42
18602,2002-01-01,42
27549,1991-06-08,42
59728,2011-03-25,42
10930,2003-02-09,42
32395,2009-01-17,42
58882,2011-07-15,42
7547,2006-01-10,42
35944,2001-08-24,42
42222,1977-10-02,42
13827,2008-09-05,42
44260,2006-09-09,42
9282,2003-05-16,42
38940,1994-09-04,42
35689,2009-04-24,42
97614,2012-11-08,42
37206,2009-10-01,42
58626,2011-04-02,42
183894,2009-10-11,42
837,1983-02-04,42
1555,2002-05-17,42
244783,2014-01-20,42
16564,2008-11-17,42
168027,2012-04-22,42
3482,1964-09-21,42
135595,2012-09-27,42
8982,2005-08-11,42
89861,1998-06-12,42
455,2002-04-11,42
57022,2002-06-21,42
14351,2006-09-01,42
147767,2012-12-07,42
10664,2009-09-15,42
55567,2010-07-16,42
9277,1973-12-25,42
9443,1981-05-15,42
16186,2005-02-25,42
7863,1996-01-21,42
138697,2013-07-26,42
11901,1973-04-19,42
1548,2001-07-20,42
11889,2001-12-14,42
33155,1980-06-06,42
5528,2004-03-17,42
321,2003-06-06,42
4997,2003-10-23,42
925,1989-06-30,42
27451,2001-01-01,42
73532,2011-05-17,42
979,2002-05-22,42
193722,2013-10-05,42
7913,2006-01-26,42
253253,2014-05-15,42
51995,2011-07-15,42
13173,2007-08-03,42
22908,1999-08-23,42
70670,2011-08-04,42
84204,2012-08-10,42
25248,2004-09-11,42
230266,2014-09-07,42
16633,1980-10-02,42
63006,2011-04-22,42
91586,2013-09-12,42
215,2005-10-28,42
333371,2016-03-10,42
9012,2002-10-21,42
345911,2016-07-21,42
72571,2011-10-19,42
242512,2014-10-24,42
10072,1987-02-27,42
211954,2013-07-20,42
82990,2012-10-17,42
29912,1953-09-16,42
11843,1975-05-21,42
11284,1991-09-05,42
504,2003-11-16,42
173,1954-12-23,42
227348,2014-01-01,42
1955,1980-10-02,42
152532,2013-09-07,42
243940,2015-01-29,42
77,2000-10-11,42
157547,2013-09-08,42
2295,2006-05-25,42
71,2000-05-18,42
147773,2013-06-06,42
16096,1991-10-23,42
24266,1982-03-02,42
16508,1999-03-26,42
2895,1997-10-09,42
15660,1981-09-18,42
59968,2011-08-26,42
323677,2016-02-19,42
19848,1998-04-08,42
256274,2014-08-14,42
235271,2014-10-10,42
45153,1997-09-07,42
284293,2014-12-05,42
24973,1954-08-25,42
21610,1981-03-17,42
10283,1989-07-28,42
8346,2002-02-22,42
122081,2013-01-24,42
10987,1995-09-29,42
1391,2001-06-08,42
747,2004-04-09,42
14745,2008-10-31,42
26748,1996-06-21,42
11357,1988-10-21,42
24913,1986-03-27,42
13776,1982-04-02,42
14854,1983-04-14,42
50357,2011-07-20,42
13090,2008-01-18,42
192141,2015-08-26,42
16441,1982-08-20,42
29996,1959-12-25,42
351819,2016-01-28,42
14834,2009-01-09,42
22649,1932-12-08,42
378200,2016-03-11,42
20455,2000-03-17,42
13193,2004-01-21,42
11042,2003-05-21,42
10786,1976-03-11,42
12484,2001-04-27,42
17339,1978-11-01,42
11959,1989-07-21,42
9900,2006-01-06,42
14662,1998-08-14,42
335,1968-12-21,42
15745,2001-07-13,42
17431,2009-06-12,42
21014,2006-05-12,42
78394,2010-05-14,42
10217,1997-05-14,42
46332,2010-05-18,42
13996,2008-08-06,42
3028,1982-11-10,42
1024,1994-09-02,42
343795,2015-09-11,42
45658,2010-10-15,42
16148,1998-01-30,42
4553,2004-02-09,42
36351,1992-08-21,42
245916,2014-10-09,42
27585,2010-12-16,42
1415,2003-09-05,42
313922,2016-04-15,42
14474,2006-03-30,42
199933,2014-09-12,42
13685,1996-02-21,42
8744,1996-09-09,42
38428,2007-08-03,42
8847,2008-02-12,42
39269,1980-05-01,42
46838,2010-01-22,42
51384,2008-01-01,42
56930,1947-12-27,42
41730,1999-06-06,42
18442,2004-02-27,42
298312,2015-09-10,42
11600,2007-01-01,42
71547,2004-10-13,42
57876,2015-05-15,42
77495,2011-10-14,42
13849,2008-02-07,42
14849,2009-02-17,42
12486,2006-12-01,42
19615,2009-01-01,42
244403,2014-10-17,42
292481,2014-08-18,42
340816,2015-12-04,42
78814,2011-11-12,42
297596,2014-12-04,42
299552,2013-12-05,42
11935,1977-12-10,42
113406,2012-04-28,42
447027,2015-10-27,42
290825,2016-07-08,42
361159,2015-10-08,42
12555,2006-12-19,42
31175,2009-09-09,42
12498,1996-08-30,42
77949,2011-08-17,42
1690,2005-01-06,42
8435,2005-07-17,42
64720,2011-11-25,42
49365,1988-04-22,42
11404,2006-04-30,42
300706,2014-12-23,42
16337,1986-08-22,42
11577,1973-05-23,42
77987,2013-05-30,42
40185,2005-10-13,42
68202,2011-06-29,42
8981,2004-05-18,42
10914,2007-09-11,42
50848,2010-11-24,42
166624,2013-09-13,42
10822,2007-05-18,42
10844,2006-10-12,42
9336,1984-03-22,42
5689,1980-07-05,42
712,1994-03-09,42
13342,1982-08-13,42
10339,1956-06-27,42
1429,2002-12-16,42
9303,1996-09-13,42
641,2000-10-27,42
27686,1945-08-29,42
65749,1998-02-12,42
6106,1986-04-23,42
252680,2014-03-25,42
141,2001-01-18,42
66607,2011-03-18,42
17139,1997-04-17,42
12079,2002-06-01,42
39800,2009-10-10,42
4550,2005-07-29,42
62116,2010-06-09,42
9991,2001-12-26,42
13807,2006-09-06,42
68818,2011-08-31,42
12093,2002-08-23,42
36419,2010-04-09,42
281730,2014-06-13,42
510,1975-11-18,42
362105,2015-09-29,42
10970,1976-06-17,42
375290,2016-01-22,42
17663,1985-12-01,42
270938,2014-09-05,42
116613,2012-09-11,42
11826,2000-09-13,42
29920,2010-01-15,42
1088,2003-01-30,42
26379,2009-12-04,42
34069,2009-09-24,42
10947,2006-01-20,42
47452,1997-01-01,42
3040,2004-06-27,42
11386,1992-09-02,42
10246,1981-11-13,42
29426,2010-05-06,42
10331,1968-10-01,42
153,2003-08-31,42
703,1977-04-19,42
27191,1952-01-10,42
1365,2001-11-11,42
287424,2015-05-08,42
451,1995-10-27,42
165864,2013-02-19,42
987,1974-12-01,42
241251,2015-01-23,42
40494,1956-05-30,42
39781,2010-07-09,42
8337,1988-11-23,42
5925,1963-06-20,42
8357,2004-04-23,42
146203,2013-02-28,42
85350,2014-06-05,42
512,2006-07-27,42
13408,2001-11-16,42
47816,2000-03-01,42
10744,2003-01-17,42
11536,1961-01-01,42
9782,2006-02-12,42
18713,1995-02-03,42
6537,2007-08-27,42
184345,2014-04-17,42
1809,2002-10-11,42
2370,1969-12-18,42
9809,2006-11-17,42
5,1995-12-09,42
11013,2002-01-11,42
19153,2003-04-23,42
10132,1988-12-21,42
16448,1996-01-31,42
15122,1999-09-10,42
8141,2007-02-09,42
1546,2005-01-23,42
48572,2011-08-19,42
14517,2005-01-25,42
89708,2011-09-16,42
27551,1987-03-01,42
64678,2011-06-17,42
309503,2015-08-28,42
14293,2002-06-07,42
15059,1999-04-29,42
103328,2012-07-02,42
157847,2014-04-11,42
25719,1997-08-22,42
48309,1988-03-04,42
27723,2000-08-06,42
20468,1999-01-01,42
242575,2013-10-18,42
44945,2010-09-10,42
29122,2000-12-22,42
125123,1998-06-24,42
111190,2013-04-03,42
133575,1999-07-16,42
54580,2002-09-27,42
52015,2010-09-30,42
34941,1997-06-20,42
227975,2014-05-01,42
60422,2011-11-18,42
81390,2011-04-09,42
10981,2003-09-09,42
225235,2013-07-26,42
14902,1972-11-09,42
121676,2012-09-14,42
22301,1930-11-15,42
20065,2007-04-30,42
257087,2016-04-21,42
46420,2009-09-13,42
114635,2012-10-27,42
158150,2012-07-21,42
251979,2014-02-28,42
874,1966-12-12,42
10774,1976-11-01,42
770,1939-12-15,42
266102,2014-07-03,42
29715,1965-04-07,42
25209,1950-05-17,42
37495,2010-05-07,42
29262,2005-05-13,42
34769,2009-09-12,42
35032,1948-06-11,42
5178,2009-09-11,42
8618,2006-10-02,42
3116,1969-05-25,42
9427,1997-08-13,42
813,1980-07-02,42
352978,2015-08-30,42
10634,1995-04-26,42
9516,1993-05-26,42
16288,1987-05-01,42
23330,1970-05-13,42
18900,1967-12-14,42
27029,1959-06-18,42
26268,1966-02-23,42
573,1972-05-25,42
310131,2016-02-19,42
40505,1998-05-27,42
11363,1996-08-26,42
3033,1998-01-21,42
25376,2009-08-13,42
22007,2008-10-16,42
765,1987-03-13,42
10615,2001-06-29,42
205321,2013-07-11,42
89540,1999-04-01,42
46146,2010-10-29,42
38007,2006-01-01,42
14256,2006-02-07,42
540,2004-01-21,42
370464,2016-01-08,42
20055,2008-09-27,42
224569,1999-09-16,42
395766,2016-04-29,42
39303,2009-04-25,42
142061,2013-01-18,42
370662,2015-09-04,42
252360,2013-12-27,42
256740,2014-03-04,42
299145,2015-06-05,42
241766,2014-01-06,42
12535,1977-12-25,42
1667,2005-01-26,42
50839,2011-09-28,42
86549,2011-06-09,42
13973,2008-09-26,42
244786,2014-10-10,42
598,2002-02-05,42
11129,1999-06-04,42
75861,2015-03-13,42
13551,2006-11-07,42
103663,2012-08-28,42
850,1983-11-18,42
12586,2006-09-09,42
11564,1982-08-20,42
301748,2014-11-08,42
108346,1999-10-29,42
8841,2008-09-24,42
805,1968-06-12,42
11697,1962-04-22,42
22051,2009-07-29,42
436,2004-01-18,42
55347,2010-09-11,42
10070,2005-10-14,42
8469,1978-07-27,42
658,1964-09-17,42
125490,2012-09-19,42
1585,1946-12-20,42
627,1996-02-23,42
23618,2000-08-18,42
41436,2010-10-20,42
10162,1998-09-15,42
1430,2002-10-09,42
259943,2014-05-16,42
10014,1985-10-31,42
11257,1985-12-13,42
158015,2013-05-31,42
82507,2012-03-29,42
20337,2002-08-01,42
261,1958-02-17,42
1685,1970-05-01,42
20737,1997-08-01,42
10991,2000-07-08,42
10225,1986-08-01,42
826,1957-10-02,42
34086,1990-04-27,42
5854,1976-04-09,42
284,1960-06-15,42
10285,1993-08-13,42
5780,1966-07-13,42
292,2005-09-12,42
223485,2015-04-16,42
29463,1985-10-25,42
18065,2009-02-06,42
22013,1960-06-19,42
821,1961-12-01,42
53862,1999-05-12,42
3089,1948-08-26,42
30139,2006-01-01,42
132344,2013-04-05,42
15582,1987-11-20,42
15158,1988-07-08,42
44634,2004-09-30,42
30309,2002-01-01,42
7509,2005-09-08,42
10557,1999-05-14,42
23531,2000-09-01,42
28005,1996-09-11,42
40247,2010-01-22,42
252,1971-06-29,42
24126,1993-05-01,42
13982,1997-04-18,42
16642,1978-09-13,42
17734,2001-09-02,42
18892,1999-01-30,42
549,1996-08-09,42
121986,2013-05-17,42
868,2005-08-18,42
10683,1998-10-16,42
17995,2003-04-04,42
246403,2014-09-19,42
670,2003-01-01,42
35691,2010-04-09,42
49010,2011-05-06,42
317930,2016-03-31,42
11229,1996-08-23,42
22488,2006-10-06,42
24469,2009-05-14,42
82533,2012-04-06,42
50942,1998-05-17,42
84174,2012-08-06,42
34099,2004-04-25,42
79940,2012-03-02,42
342,2004-09-02,42
281230,2014-01-01,42
38033,2010-10-01,42
100975,1999-10-21,42
38541,2011-03-13,42
39563,2009-04-24,42
234212,2015-02-12,42
27404,2005-03-04,42
170480,2010-06-15,42
71866,2009-09-14,42
192210,2013-04-12,42
180296,2014-06-27,42
157058,2013-01-14,42
70006,2011-09-13,42
26039,1967-08-30,42
79587,2009-01-15,42
176077,2013-03-11,42
260947,2014-04-04,42
342502,2015-08-07,42
191229,1988-04-01,42
43213,2009-10-10,42
44594,2010-03-13,42
666,1998-01-16,42
248,1961-12-18,42
325173,2015-12-11,42
55831,2005-08-05,42
351043,2015-08-14,42
43942,2010-10-01,42
10226,2003-06-18,42
66942,2011-08-19,42
356483,2015-10-16,42
10476,2005-07-22,42
239,1959-03-18,42
10281,1988-05-13,42
630,1939-08-15,42
3034,1974-12-15,42
13025,2007-09-08,42
21461,2006-01-01,42
55306,1997-06-13,42
17264,1979-10-17,42
346081,2015-06-26,42
16016,2008-09-26,42
15875,1963-06-12,42
5900,1996-03-21,42
43306,1944-03-01,42
11072,1974-02-07,42
9730,1984-04-13,42
209274,2013-10-25,42
26371,1987-09-18,42
14137,2006-09-15,42
291,2004-07-09,42
14139,2007-09-20,42
33106,2009-01-20,42
8875,2007-12-07,42
872,1952-04-10,42
72914,2010-04-16,42
139038,2013-01-11,42
126509,2012-07-13,42
9591,1996-10-04,42
10676,1982-10-22,42
1687,1971-05-20,42
24748,1963-05-29,42
181330,2013-07-03,42
468,1991-10-17,42
401,2004-07-28,42
76,1995-01-27,42
50538,2003-10-03,42
25636,1999-09-05,42
19316,2004-09-12,42
21074,2007-11-16,42
84329,2012-08-16,42
20,2003-03-07,42
157386,2013-08-02,42
13007,2008-10-01,42
13518,2008-11-14,42
116584,2006-04-24,42
46849,2007-08-24,42
40428,2010-01-01,42
17334,2008-10-29,42
1698,2000-02-03,42
20764,2008-12-10,42
45132,2010-09-09,42
76706,2010-12-01,42
254472,2015-07-03,42
332285,2016-09-02,42
49471,1996-10-16,42
13569,2006-12-01,42
7512,2006-09-01,42
356216,2015-08-29,42
11798,2006-09-12,42
146631,2012-12-14,42
43546,1944-07-01,42
61038,2011-05-13,42
78373,1998-05-01,42
17820,1951-07-13,42
74457,2011-08-26,42
283384,2014-08-05,42
19933,1987-07-09,42
756,1940-11-13,42
433715,2014-06-15,42
9728,1982-08-13,42
9731,1985-03-22,42
9916,2007-02-09,42
309425,2015-03-20,42
14156,2008-06-13,42
43610,1945-06-01,42
360339,2015-10-22,42
31163,2005-04-22,42
297621,2014-11-14,42
16205,2007-10-09,42
887,1946-12-25,42
9517,2001-06-15,42
6007,2001-03-16,42
364083,2015-10-16,42
8329,2007-04-10,42
69640,2010-10-03,42
371085,2015-01-01,42
347548,2015-07-09,42
322443,2015-02-27,42
657,1963-10-11,42
28165,1989-02-24,42
11561,1973-12-17,42
270303,2015-02-04,42
11624,1972-08-06,42
595,1962-12-25,42
8810,1981-12-24,42
12207,1994-02-03,42
226,1999-09-02,42
92182,2011-01-21,42
582,2006-03-15,42
72213,2011-09-30,42
990,1961-09-25,42
55604,1940-08-30,42
9662,2003-06-11,42
20862,1998-01-16,42
2771,2003-08-15,42
80,2004-02-10,42
55,2000-06-16,42
11023,2003-08-20,42
33667,1947-11-11,42
39013,2010-06-11,42
11194,2003-09-05,42
43839,1938-05-24,42
1382,2005-06-17,42
44639,2010-10-08,42
301351,2015-08-26,42
4816,1999-09-13,42
7873,2005-09-11,42
331190,2015-09-17,42
15186,2002-08-02,42
17994,1986-12-31,42
1378,2006-05-20,42
8885,2008-06-25,42
48382,2003-09-12,42
12901,2007-07-27,42
250124,2015-08-07,42
14284,2007-01-19,42
57120,2010-09-05,42
12228,2005-02-11,42
22617,2000-09-01,42
55561,1997-01-01,42
42889,2010-09-10,42
10656,1985-04-10,42
24363,2005-04-15,42
13121,2007-01-19,42
24746,1998-09-18,42
325140,2000-05-26,42
12109,2004-09-12,42
27023,2009-06-10,42
22913,1997-08-31,42
273899,2015-09-18,42
20653,2008-10-24,42
67373,2005-01-01,42
171759,2013-03-01,42
206296,2014-11-03,42
35219,2009-01-16,42
28260,1993-10-01,42
7515,2005-02-10,42
13075,2006-09-08,42
335866,2015-10-02,42
13510,2008-09-12,42
215881,2013-09-13,42
18238,2009-03-16,42
22600,2008-02-11,42
12612,2004-05-01,42
50698,2011-09-09,42
115210,2012-05-19,42
34335,2010-01-01,42
459488,2015-12-12,42
11302,1971-04-28,42
119458,2012-08-10,42
20406,2007-07-07,42
3766,1947-12-24,42
18616,2008-05-01,42
18808,2002-01-01,42
95755,2012-03-10,42
198062,2013-07-09,42
188652,2013-04-26,42
174311,2013-09-10,42
12602,1967-10-05,42
153795,2013-01-16,42
17768,1966-10-16,42
13516,2007-09-27,42
98549,2011-03-03,42
312793,2015-03-20,42
309919,2015-08-21,42
299553,2015-10-02,42
21309,1986-08-27,42
32235,2003-01-01,42
329540,2015-04-10,42
26388,2010-09-24,42
49020,2011-03-18,42
159037,2013-06-07,42
12838,2006-07-21,42
157293,2013-02-07,42
14048,2008-07-25,42
356987,2015-08-30,42
295886,2015-04-24,42
38358,2010-08-27,42
33511,2009-12-25,42
702,1951-09-18,42
935,1964-01-29,42
542,2002-10-01,42
84175,2012-06-29,42
1705,1973-06-15,42
62677,2001-03-01,42
50875,2011-08-26,42
260778,2015-08-14,42
58492,2011-04-22,42
44562,1993-06-04,42
37232,2003-09-09,42
4929,1968-07-31,42
36334,1952-03-14,42
9783,2007-06-15,42
386826,2016-03-04,42
205126,2013-06-27,42
98557,2012-02-03,42
104,1998-08-20,42
10894,2002-01-13,42
246449,2013-12-29,42
32579,2008-03-20,42
1688,1972-06-29,42
1999,2001-11-23,42
43947,2010-06-17,42
24066,1999-12-03,42
9709,2004-08-20,42
191714,2013-09-19,42
25312,2005-08-05,42
34106,1938-08-23,42
11426,1953-08-04,42
13909,1949-10-22,42
206284,2013-10-04,42
27455,1999-04-09,42
66468,2010-10-15,42
7973,2007-07-01,42
283686,2014-08-27,42
15976,2006-06-06,42
592,1974-04-07,42
74084,2006-12-07,42
1651,1969-06-18,42
25428,2003-10-05,42
298584,2016-02-12,42
10758,2007-05-25,42
11690,1988-02-26,42
3083,1939-10-19,42
9344,1995-07-28,42
10707,2005-10-05,42
15647,2001-04-21,42
308529,2016-07-14,42
4174,1945-12-28,42
20156,1994-09-24,42
9464,1998-01-20,42
49018,2010-09-13,42
13820,1984-02-20,42
18079,2000-08-31,42
127918,2012-07-09,42
17113,2005-03-25,42
129139,2013-07-24,42
507,1993-10-01,42
4012,2001-01-19,42
14054,2008-03-07,42
323271,2015-08-28,42
10972,2001-08-10,42
13066,2006-01-01,42
66025,2011-02-11,42
11908,2006-04-27,42
3082,1936-02-05,42
39541,2002-03-22,42
1961,2007-10-01,42
51820,2005-01-13,42
291362,2015-03-06,42
30082,2005-12-07,42
72913,2010-07-14,42
23963,2009-03-06,42
29406,2008-04-24,42
361505,2015-07-07,42
104755,2012-09-10,42
253306,2014-09-04,42
29595,2005-11-04,42
46729,2005-10-01,42
294600,2013-01-01,42
137347,2013-11-29,42
290370,2014-09-27,42
426469,2017-02-03,42
356841,2015-07-03,42
301325,2015-11-20,42
347755,2016-01-28,42
408,1937-12-20,42
44413,2004-05-06,42
39209,1968-11-06,42
48463,2004-12-17,42
394047,2016-07-08,42
312791,2014-10-16,42
266034,2014-05-16,42
280381,2014-01-11,42
2661,1966-07-30,42
100,1998-03-05,42
218500,1983-08-19,42
309,1998-05-20,42
27845,1996-10-11,42
25784,2006-02-22,42
52790,2000-05-05,42
100275,2012-04-22,42
295914,2014-08-22,42
42033,1985-03-15,42
19187,2003-01-01,42
46415,2005-12-09,42
38570,2010-06-08,42
27588,2009-10-22,42
223,1940-04-12,42
9725,1981-05-01,42
28580,1945-11-25,42
23730,1984-08-31,42
84197,2013-04-19,42
46256,2011-06-03,42
19997,1953-01-21,42
43266,1941-10-28,42
278316,2014-06-22,42
1412,1989-08-18,42
176,2004-10-01,42
39939,2001-01-18,42
357834,2015-08-07,42
215924,2013-08-10,42
480,2001-08-30,42
14295,2000-11-17,42
11219,1955-10-03,42
20770,1999-09-12,42
176124,2013-04-19,42
500,1992-09-02,42
60400,1940-01-19,42
429,1966-12-23,42
310569,2015-02-08,42
98369,2012-04-13,42
114065,2003-03-20,42
89750,2011-09-11,42
49951,2007-03-01,42
86331,2011-09-14,42
355629,2013-10-27,42
16433,2003-06-18,42
15544,2008-12-05,42
43884,1936-10-20,42
107315,2011-10-22,42
137955,2012-01-01,42
13064,1993-09-17,42
59917,1970-05-27,42
157422,2015-10-16,42
310933,2013-06-01,42
7553,2005-10-07,42
12877,2004-09-29,42
39895,1987-09-25,42
102840,2002-02-22,42
55616,2002-02-28,42
29697,2006-10-27,42
50037,2010-12-03,42
94329,2011-09-08,42
53502,2010-05-13,42
202604,2013-05-29,42
289,1942-11-26,42
27374,2008-06-17,42
26815,2009-12-11,42
811,1972-03-09,42
1366,1976-11-21,42
244776,2014-01-20,42
5769,1963-10-06,42
277685,2015-04-17,42
103,1976-02-07,42
11298,1981-04-03,42
646,1962-10-04,42
93856,2012-05-24,42
9003,1987-09-11,42
347126,2016-04-01,42
10092,2005-09-16,42
10643,1999-12-11,42
46705,2010-12-27,42
546,2005-12-23,42
76487,2012-01-06,42
5722,1970-07-17,42
39833,1956-11-15,42
1781,2006-01-24,42
18712,1949-12-14,42
7944,2008-02-07,42
171424,2014-09-04,42
361475,2016-05-20,42
113947,2012-05-02,42
18570,2008-09-07,42
83860,2011-10-30,42
41469,1998-08-21,42
244772,2014-01-18,42
50837,2011-10-21,42
248774,2014-06-06,42
10183,2008-08-01,42
159014,2013-06-14,42
32456,1997-09-07,42
49963,1996-07-17,42
13508,2006-08-04,42
22597,2000-02-01,42
9707,2002-06-09,42
37532,1998-10-07,42
26791,2001-03-30,42
56666,2000-09-08,42
8675,1997-09-06,42
13132,2003-08-01,42
47686,1997-01-01,42
46989,2002-01-11,42
192132,2014-05-09,42
24424,2009-09-17,42
13198,2006-01-24,42
244267,2014-07-18,42
21413,2003-08-22,42
123678,2012-08-31,42
13362,2007-04-30,42
39183,2006-01-01,42
62402,2004-09-24,42
206412,2000-05-14,42
201132,2013-09-05,42
251471,2015-07-31,42
112456,2012-06-01,42
20296,2005-09-16,42
25983,2009-04-25,42
66195,2010-07-01,42
16155,1998-08-17,42
46727,1999-02-11,42
55180,1998-09-23,42
29015,2000-09-22,42
91122,2009-09-19,42
18206,2006-04-28,42
320146,2016-03-11,42
13856,2006-01-30,42
219716,1999-03-19,42
43630,2005-01-01,42
56491,2006-04-21,42
99826,2002-01-16,42
186935,2013-08-09,42
357441,2015-07-31,42
19344,2006-03-08,42
242083,2014-01-21,42
18869,2006-01-01,42
26673,2009-01-01,42
41830,1965-04-22,42
37694,2004-07-02,42
63287,2008-06-20,42
335874,2015-04-03,42
34592,2009-01-01,42
92635,2012-03-16,42
258755,2014-10-03,42
96534,2011-06-11,42
21283,2009-05-19,42
272724,2014-06-01,42
84178,2012-01-21,42
101179,2012-08-05,42
52462,2006-05-17,42
269057,2014-09-08,42
287524,2014-10-31,42
206213,2013-07-25,42
248402,2014-04-16,42
29146,1968-09-23,42
207769,2013-08-26,42
271185,2014-04-19,42
29731,2007-01-01,42
292539,2014-04-26,42
654,1954-06-22,42
91070,2011-06-18,42
2009,2007-08-24,42
323270,2015-10-27,42
2652,2005-01-14,42
9813,2005-09-12,42
60421,2011-08-26,42
157354,2013-07-25,42
127867,2012-09-08,42
3170,1942-08-14,42
14014,2007-04-01,42
15708,2003-07-10,42
146882,2011-04-11,42
215918,2013-12-31,42
84200,2012-08-31,42
84184,2012-08-03,42
45767,2002-10-25,42
14823,2006-12-01,42
367551,2015-12-11,42
343409,2015-06-26,42
60243,2011-03-15,42
57294,2009-06-01,42
11446,1995-05-24,42
47889,1993-10-08,42
25461,2002-05-16,42
905,1929-01-30,42
279759,2008-01-01,42
78705,2004-09-21,42
25212,2000-03-10,42
26899,2003-01-17,42
146269,2000-03-12,42
292483,2014-09-23,42
14451,2009-01-09,42
10105,2003-09-11,42
211557,2012-10-28,42
838,1973-08-01,42
40862,2006-01-01,42
13158,2007-04-13,42
84332,2012-06-08,42
74510,2011-09-09,42
74725,2011-09-02,42
58428,2011-12-01,42
8416,1970-10-21,42
36584,2002-05-09,42
13429,2008-07-18,42
9022,2008-02-15,42
22530,2008-01-01,42
288,1952-03-27,42
14275,1994-09-12,42
2287,2005-01-15,42
18734,2001-01-20,42
206197,2015-04-10,42
26837,2009-07-29,42
7859,2006-08-11,42
302579,1999-10-08,42
51955,1997-09-11,42
376004,2016-01-05,42
158752,2013-10-11,42
40658,2009-09-30,42
296943,2014-10-31,42
118612,2012-08-27,42
138976,2013-05-16,42
323967,2015-03-13,42
3080,1935-09-06,42
2667,1999-07-14,42
9459,1970-03-26,42
11598,1977-08-10,42
26916,2000-10-31,42
181940,2007-07-20,42
125263,1998-04-18,42
263503,2014-05-02,42
324322,2015-10-13,42
331493,2014-01-01,42
375950,2016-03-23,42
278348,2014-08-08,42
704,1964-07-06,42
70875,2011-07-29,42
75986,1983-04-01,42
385636,2015-09-17,42
14438,2008-09-26,42
211086,2013-11-21,42
23069,1974-10-17,42
83,2004-08-06,42
89857,2012-03-06,42
30315,1977-08-24,42
14358,2005-05-13,42
2056,2003-01-26,42
41144,2009-11-05,42
35199,2006-06-26,42
14271,1999-10-22,42
16653,2002-01-30,42
14757,2003-05-20,42
84401,2012-02-24,42
23655,2000-06-08,42
36825,2003-01-31,42
33430,1999-07-30,42
12281,2004-01-15,42
125052,1997-01-21,42
96238,2002-07-12,42
30246,2003-08-29,42
7301,2005-11-16,42
172533,2013-08-23,42
180383,2012-10-04,42
346,1954-04-26,42
84318,2012-09-28,42
45145,1991-08-18,42
13983,2007-01-21,42
45649,2010-07-09,42
19844,2007-01-01,42
21801,2002-01-01,42
43933,2010-06-18,42
73511,2005-10-21,42
43653,2007-01-01,42
139715,2012-04-27,42
45380,2006-01-01,42
30867,2006-10-31,42
81220,2001-11-02,42
253626,2015-04-09,42
294550,2014-05-02,42
90369,2012-05-25,42
117942,2012-03-28,42
380097,,42
322194,2015-03-10,42
98568,2011-10-22,42
119657,2012-03-01,42
380733,2016-02-02,42
285743,2016-03-29,42
362765,2014-10-19,42
379532,2016-01-05,42
253261,2014-03-08,42
297100,2014-09-11,42
15239,1984-05-01,42
94072,1991-06-13,42
4107,2002-01-16,42
325579,2015-01-01,42
15624,2006-06-07,42
17287,2006-12-26,42
198370,2014-04-15,42
3062,1933-02-02,42
328307,2014-11-20,42
15389,1990-08-03,42
464,2004-09-03,42
308467,2013-03-01,42
8193,2004-06-11,42
188166,2014-04-25,42
23827,2007-09-14,42
1282,2001-01-18,42
762,1975-03-13,42
64499,2006-06-05,42
281189,2003-11-05,42
1435,2003-10-19,42
47546,2010-07-06,42
189711,2014-03-08,42
19204,1981-04-22,42
9029,2008-05-07,42
18045,2005-03-11,42
11240,1985-09-07,42
43743,2002-01-01,42
157909,2004-09-23,42
10238,1972-12-21,42
3059,1916-09-04,42
15800,1997-10-18,42
65203,1929-02-08,42
764,1981-10-15,42
103620,2012-12-26,42
319069,2015-01-24,42
14278,2005-07-22,42
25678,1987-05-01,42
79161,2006-10-18,42
371690,2015-10-20,42
389,1957-03-25,42
52032,2009-01-01,42
3078,1934-02-22,42
38810,2009-06-01,42
21525,2003-01-23,42
55123,1999-11-28,42
11980,1995-09-01,42
11956,1996-04-03,42
1550,2003-01-19,42
162396,1998-06-11,42
26518,2006-01-01,42
8942,2008-05-22,42
68412,2010-01-01,42
2786,1965-08-29,42
87943,2005-09-03,42
73981,2001-09-20,42
91721,1964-01-01,42
118452,1998-08-07,42
47534,2005-05-06,42
40914,2009-04-10,42
365052,2015-10-23,42
13282,1975-04-27,42
250184,2014-03-29,42
426067,1990-01-01,42
324352,2010-05-20,42
318040,2015-02-07,42
27420,1981-05-01,42
80468,2011-04-14,42
84188,2012-08-23,42
2255,1997-04-04,42
50035,2001-08-31,42
300327,2010-09-01,42
14290,2002-01-12,42
29371,1995-06-16,42
44490,2000-01-21,42
32222,2001-01-01,42
378237,2014-12-01,42
431,1997-09-09,42
76996,1996-08-01,42
51942,1998-08-28,42
1424,2004-07-22,42
60420,2011-10-28,42
325123,2015-03-10,42
142132,1999-09-17,42
20520,2005-01-01,42
109729,2013-07-29,42
78307,2004-09-11,42
12247,2007-10-01,42
29917,2009-06-19,42
70687,1997-06-06,42
60463,2008-10-21,42
46252,2010-10-07,42
24869,2009-01-23,42
77934,2010-11-28,42
34697,1982-02-05,42
320435,2013-02-01,42
150211,2012-10-10,42
306667,2015-01-10,42
274758,2014-06-24,42
3060,1925-11-05,42
40963,2006-01-01,42
173224,2013-02-28,42
18533,2008-10-09,42
376010,2015-10-09,42
139948,2012-11-01,42
77332,2000-01-24,42
70478,1969-07-25,42
35073,1953-06-13,42
9659,1979-04-12,42
10218,1996-10-18,42
391,1964-09-12,42
43595,1933-02-09,42
194588,2004-05-11,42
54897,2011-02-25,42
83588,2012-10-12,42
53256,2010-12-23,42
40920,2002-01-14,42
287815,2008-10-10,42
54702,2004-09-10,42
176074,2015-01-01,42
69270,2010-01-01,42
5759,2008-01-21,42
402515,2014-10-21,42
126141,2004-12-05,42
48035,1955-01-09,42
14758,2008-10-03,42
13363,2007-06-10,42
37985,2007-06-15,42
25786,2004-11-23,42
36549,2008-01-01,42
361398,2015-09-25,42
289180,2014-08-28,42
288927,2014-09-12,42
21334,1997-08-01,42
79120,2011-09-22,42
27995,1986-08-08,42
253290,2014-03-10,42
344466,2015-06-05,42
55420,2011-07-22,42
5822,1971-04-23,42
408429,2014-07-13,42
39141,2002-11-01,42
5723,2007-03-23,42
28666,1999-10-08,42
30979,2009-11-25,42
50497,2012-01-31,42
354624,2015-09-04,42
13187,1965-12-09,42
335244,2015-04-17,42
178862,2013-02-20,42
331745,2014-11-15,42
1779,1989-09-01,42
282128,2014-07-18,42
86812,2011-01-22,42
38786,2005-11-25,42
84355,2011-09-11,42
18632,2007-03-03,42
40652,1964-12-04,42
339408,2016-09-09,42
266857,2003-01-01,42
18925,2006-09-29,42
299245,2015-07-10,42
985,1977-03-19,42
34101,1987-03-20,42
9821,1998-10-23,42
65448,1979-12-01,42
18841,2001-09-12,42
272726,2014-06-12,42
175291,2013-03-08,42
80215,2012-05-18,42
13538,2007-04-27,42
51130,1948-02-14,42
270554,2013-11-08,42
72086,1971-01-01,42
268917,2014-06-15,42
64973,2005-01-28,42
473,1998-07-10,42
90414,1997-01-21,42
111794,1998-01-01,42
360188,2015-09-29,42
9372,2004-01-17,42
85860,2011-03-13,42
244534,2014-06-26,42
33468,1962-02-25,42
294086,2014-07-26,42
139998,2012-01-23,42
74777,2011-03-03,42
16388,1995-08-09,42
159770,2013-10-04,42
42109,1983-03-24,42
47607,2010-11-12,42
193603,2012-10-13,42
84659,2006-09-16,42
322745,2015-02-09,42
20981,2005-01-01,42
174362,2013-04-20,42
242095,2014-03-15,42
250902,2013-11-21,42
158895,2013-06-28,42
222250,2013-09-20,42
18292,2000-10-01,42
125537,1999-09-16,42
326576,2014-04-05,42
228550,2011-03-27,42
13963,1978-05-01,42
290391,2015-09-01,42
44770,2009-04-22,42
69382,2007-07-08,42
40769,2005-03-01,42
220490,2013-04-19,42
42151,2009-09-01,42
2292,1994-09-13,42
42497,1971-01-01,42
33693,2002-09-20,42
14585,1997-01-19,42
185465,2002-01-15,42
38780,2009-08-14,42
14022,1990-07-27,42
366967,2015-10-02,42
255266,2013-02-14,42
17345,2003-01-01,42
226458,2015-01-16,42
24055,2005-01-17,42
287625,2014-09-05,42
44990,2009-03-14,42
86304,2011-10-26,42
692,1972-03-12,42
39851,2004-09-01,42
13898,2000-09-08,42
157185,2007-01-01,42
36095,1997-11-06,42
182291,2004-04-11,42
286939,2012-01-20,42
124606,1995-09-09,42
14337,2004-10-08,42
67238,2005-03-12,42
9367,1992-09-04,42
72766,2011-12-26,42
231617,2013-10-13,42
126186,2012-05-03,42
25975,2005-08-05,42
